DurumId,DurumTarihId,AktifMi,Expr1,BK_Ad,BK_Tip,Sira,BKAktifMi,SuDurumu,KullanilabilirSuKapasite,BarajSuDurumuGosterimi,DolulukOrani,SuYuksekligi,MinSuKapasite,MaxSuYukseklik,MinSuYukseklik,AnalizDurumu,MaxSuKapasite,GunlukSuUretimGosterimi,Not,YIL,AY
0,,,0,Güzelhisar Barajı,,,,103389000,143390000,,63.76,96.81,11960000,,,,,,,2020,1
0,,,0,Balçova Barajı,,,,1016000,7622000,,11.53,114.91,211000,,,,,,,2020,1
0,,,0,Gördes Barajı,,,,54455000,457500000,,8.51,217.13,15500000,,,,,,,2020,1
0,,,0,Tahtalı Barajı,,,,209325000,287050000,,66.09,57.02,19600000,,,,,,,2020,1
0,,,0,Ürkmez Barajı,,,,5262000,8250000,,59.24,40.75,375000,,,,,,,2020,1
0,,,0,Alaçatı Kutlu Aktaş Barajı,,,,8906000,16000000,,52.54,16.66,500000,,,,,,,2020,1
0,,,0,Güzelhisar Barajı,,,,101391000,143390000,,62.37,96.36,11960000,,,,,,,2020,1
0,,,0,Balçova Barajı,,,,1188000,7622000,,13.79,116.58,211000,,,,,,,2020,1
0,,,0,Gördes Barajı,,,,51040000,457500000,,7.77,216.26,15500000,,,,,,,2020,1
0,,,0,Tahtalı Barajı,,,,200700000,287050000,,63.09,56.72,19600000,,,,,,,2020,1
0,,,0,Ürkmez Barajı,,,,5366000,8250000,,60.5,40.98,375000,,,,,,,2020,1
0,,,0,Alaçatı Kutlu Aktaş Barajı,,,,8538000,16000000,,50.24,16.43,500000,,,,,,,2020,1
0,,,0,Güzelhisar Barajı,,,,101656000,143390000,,62.55,96.42,11960000,,,,,,,2020,3
0,,,0,Balçova Barajı,,,,1631000,7622000,,19.6,120.31,211000,,,,,,,2020,3
0,,,0,Gördes Barajı,,,,58536000,457500000,,9.41,218.28,15500000,,,,,,,2020,3
0,,,0,Tahtalı Barajı,,,,200700000,287050000,,63.09,56.72,19600000,,,,,,,2020,3
0,,,0,Ürkmez Barajı,,,,5676000,8250000,,64.25,41.64,375000,,,,,,,2020,3
0,,,0,Alaçatı Kutlu Aktaş Barajı,,,,8458000,16000000,,49.74,16.38,500000,,,,,,,2020,3
0,,,0,Güzelhisar Barajı,,,,106864000,143390000,,66.19,97.58,11960000,,,,,,,2020,3
0,,,0,Balçova Barajı,,,,2102000,7622000,,25.78,123.64,211000,,,,,,,2020,3
0,,,0,Gördes Barajı,,,,64060000,457500000,,10.61,219.65,15500000,,,,,,,2020,3
0,,,0,Tahtalı Barajı,,,,199550000,287050000,,62.69,56.68,19600000,,,,,,,2020,3
0,,,0,Ürkmez Barajı,,,,5894000,8250000,,66.9,42.08,375000,,,,,,,2020,3
0,,,0,Alaçatı Kutlu Aktaş Barajı,,,,8634000,16000000,,50.84,16.49,500000,,,,,,,2020,3
0,,,0,Güzelhisar Barajı,,,,105411000,143390000,,65.17,97.26,11960000,,,,,,,2020,4
0,,,0,Balçova Barajı,,,,2528000,7622000,,31.37,126.26,211000,,,,,,,2020,4
0,,,0,Gördes Barajı,,,,63180000,457500000,,10.42,219.45,15500000,,,,,,,2020,4
0,,,0,Tahtalı Barajı,,,,186325000,287050000,,58.08,56.22,19600000,,,,,,,2020,4
0,,,0,Ürkmez Barajı,,,,6565000,8250000,,75.03,43.3,375000,,,,,,,2020,4
0,,,0,Alaçatı Kutlu Aktaş Barajı,,,,8122000,16000000,,47.64,16.17,500000,,,,,,,2020,4
0,,,0,Güzelhisar Barajı,,,,102409000,143390000,,63.08,96.59,11960000,,,,,,,2020,5
0,,,0,Balçova Barajı,,,,2645000,7622000,,32.9,126.93,211000,,,,,,,2020,5
0,,,0,Gördes Barajı,,,,60534000,457500000,,9.84,218.82,15500000,,,,,,,2020,5
0,,,0,Tahtalı Barajı,,,,173862000,287050000,,53.74,55.42,19600000,,,,,,,2020,5
0,,,0,Ürkmez Barajı,,,,6384000,8250000,,72.84,42.97,375000,,,,,,,2020,5
0,,,0,Alaçatı Kutlu Aktaş Barajı,,,,7710000,16000000,,45.06,15.93,500000,,,,,,,2020,5
0,,,0,Güzelhisar Barajı,,,,99156000,143390000,,60.81,95.85,11960000,,,,,,,2020,6
0,,,0,Balçova Barajı,,,,2711000,7622000,,33.77,127.3,211000,,,,,,,2020,6
0,,,0,Gördes Barajı,,,,56835000,457500000,,9.03,217.81,15500000,,,,,,,2020,6
0,,,0,Tahtalı Barajı,,,,166453000,287050000,,51.16,54.72,19600000,,,,,,,2020,6
0,,,0,Ürkmez Barajı,,,,5954000,8250000,,67.62,42.19,375000,,,,,,,2020,6
0,,,0,Alaçatı Kutlu Aktaş Barajı,,,,6830000,16000000,,39.56,15.5,500000,,,,,,,2020,6
0,,,0,Güzelhisar Barajı,,,,93558000,143390000,,56.91,94.54,11960000,,,,,,,2020,7
0,,,0,Balçova Barajı,,,,2276000,7622000,,28.06,124.75,211000,,,,,,,2020,7
0,,,0,Gördes Barajı,,,,52880000,457500000,,8.17,216.72,15500000,,,,,,,2020,7
0,,,0,Tahtalı Barajı,,,,156717000,287050000,,47.77,53.8,19600000,,,,,,,2020,7
0,,,0,Ürkmez Barajı,,,,5138000,8250000,,57.73,40.5,375000,,,,,,,2020,7
0,,,0,Alaçatı Kutlu Aktaş Barajı,,,,5701000,16000000,,32.51,14.95,500000,,,,,,,2020,7
0,,,0,Güzelhisar Barajı,,,,88125000,143390000,,53.12,93.22,11960000,,,,,,,2020,8
0,,,0,Balçova Barajı,,,,1576000,7622000,,18.88,119.88,211000,,,,,,,2020,8
0,,,0,Gördes Barajı,,,,48285000,457500000,,7.17,215.51,15500000,,,,,,,2020,8
0,,,0,Tahtalı Barajı,,,,147933000,287050000,,44.71,52.97,19600000,,,,,,,2020,8
0,,,0,Ürkmez Barajı,,,,4284000,8250000,,47.38,38.55,375000,,,,,,,2020,8
0,,,0,Alaçatı Kutlu Aktaş Barajı,,,,4482000,16000000,,24.89,14.29,500000,,,,,,,2020,8
0,,,0,Güzelhisar Barajı,,,,83290000,143390000,,49.75,92.0,11960000,,,,,,,2020,9
0,,,0,Balçova Barajı,,,,1277000,7622000,,14.96,117.39,211000,,,,,,,2020,9
0,,,0,Gördes Barajı,,,,44232000,457500000,,6.28,214.37,15500000,,,,,,,2020,9
0,,,0,Tahtalı Barajı,,,,139360000,287050000,,41.72,52.16,19600000,,,,,,,2020,9
0,,,0,Ürkmez Barajı,,,,3486000,8250000,,37.71,36.59,375000,,,,,,,2020,9
0,,,0,Alaçatı Kutlu Aktaş Barajı,,,,3598000,16000000,,19.36,13.78,500000,,,,,,,2020,9
0,,,0,Güzelhisar Barajı,,,,79686000,143390000,,47.23,91.06,11960000,,,,,,,2020,10
0,,,0,Balçova Barajı,,,,1330000,7622000,,15.65,117.86,211000,,,,,,,2020,10
0,,,0,Gördes Barajı,,,,40415000,457500000,,5.45,213.29,15500000,,,,,,,2020,10
0,,,0,Tahtalı Barajı,,,,131211000,287050000,,38.88,51.39,19600000,,,,,,,2020,10
0,,,0,Ürkmez Barajı,,,,3036000,8250000,,32.25,35.34,375000,,,,,,,2020,10
0,,,0,Alaçatı Kutlu Aktaş Barajı,,,,3054000,16000000,,15.96,13.44,500000,,,,,,,2020,10
0,,,0,Güzelhisar Barajı,,,,77294000,143390000,,45.56,90.42,11960000,,,,,,,2020,11
0,,,0,Balçova Barajı,,,,1329000,7622000,,15.64,117.85,211000,,,,,,,2020,11
0,,,0,Gördes Barajı,,,,37054000,457500000,,4.71,212.31,15500000,,,,,,,2020,11
0,,,0,Tahtalı Barajı,,,,122744000,287050000,,35.93,50.59,19600000,,,,,,,2020,11
0,,,0,Ürkmez Barajı,,,,2818000,8250000,,29.61,34.67,375000,,,,,,,2020,11
0,,,0,Alaçatı Kutlu Aktaş Barajı,,,,2622000,16000000,,13.26,13.17,500000,,,,,,,2020,11
0,,,0,Güzelhisar Barajı,,,,78783000,143390000,,46.6,90.82,11960000,,,,,,,2020,12
0,,,0,Balçova Barajı,,,,2618000,7622000,,32.55,126.78,211000,,,,,,,2020,12
0,,,0,Gördes Barajı,,,,32928000,457500000,,3.81,211.04,15500000,,,,,,,2020,12
0,,,0,Tahtalı Barajı,,,,126978000,287050000,,37.41,50.99,19600000,,,,,,,2020,12
0,,,0,Ürkmez Barajı,,,,3766000,8250000,,41.1,37.29,375000,,,,,,,2020,12
0,,,0,Alaçatı Kutlu Aktaş Barajı,,,,6497000,16000000,,37.48,15.34,500000,,,,,,,2020,12
0,,,0,Güzelhisar Barajı,,,,82206000,143390000,,48.99,91.72,11960000,,,,,,,2021,1
0,,,0,Balçova Barajı,,,,4060000,7622000,,51.47,133.74,211000,,,,,,,2021,1
0,,,0,Gördes Barajı,,,,30336000,457500000,,3.24,210.12,15500000,,,,,,,2021,1
0,,,0,Tahtalı Barajı,,,,139889000,287050000,,41.91,52.21,19600000,,,,,,,2021,1
0,,,0,Ürkmez Barajı,,,,5703000,8250000,,64.58,41.69,375000,,,,,,,2021,1
0,,,0,Alaçatı Kutlu Aktaş Barajı,,,,8026000,16000000,,47.04,16.11,500000,,,,,,,2021,1
0,,,0,Güzelhisar Barajı,,,,126833000,143390000,,80.11,101.73,11960000,,,,,,,2021,2
0,,,0,Balçova Barajı,,,,6488000,7622000,,83.32,142.35,211000,,,,,,,2021,2
0,,,0,Gördes Barajı,,,,37360000,457500000,,4.78,212.4,15500000,,,,,,,2021,2
0,,,0,Tahtalı Barajı,,,,191500000,287050000,,59.89,56.4,19600000,,,,,,,2021,2
0,,,0,Ürkmez Barajı,,,,7531000,8250000,,86.74,44.93,375000,,,,,,,2021,2
0,,,0,Alaçatı Kutlu Aktaş Barajı,,,,11541000,16000000,,69.01,17.82,500000,,,,,,,2021,2
0,,,0,Güzelhisar Barajı,,,,134060000,143390000,,85.15,103.13,11960000,,,,,,,2021,3
0,,,0,Balçova Barajı,,,,6557000,7622000,,84.23,142.56,211000,,,,,,,2021,3
0,,,0,Gördes Barajı,,,,51320000,457500000,,7.83,216.33,15500000,,,,,,,2021,3
0,,,0,Tahtalı Barajı,,,,227725000,287050000,,72.5,57.66,19600000,,,,,,,2021,3
0,,,0,Ürkmez Barajı,,,,7931000,8250000,,91.59,45.57,375000,,,,,,,2021,3
0,,,0,Alaçatı Kutlu Aktaş Barajı,,,,12648000,16000000,,75.93,18.27,500000,,,,,,,2021,3
0,,,0,Güzelhisar Barajı,,,,132908000,143390000,,84.35,102.91,11960000,,,,,,,2021,4
0,,,0,Balçova Barajı,,,,7298000,7622000,,93.95,144.72,211000,,,,,,,2021,4
0,,,0,Gördes Barajı,,,,57220000,457500000,,9.12,217.92,15500000,,,,,,,2021,4
0,,,0,Tahtalı Barajı,,,,237213000,287050000,,75.81,57.99,19600000,,,,,,,2021,4
0,,,0,Ürkmez Barajı,,,,7887000,8250000,,91.05,45.5,375000,,,,,,,2021,4
0,,,0,Alaçatı Kutlu Aktaş Barajı,,,,12120000,16000000,,72.63,18.05,500000,,,,,,,2021,4
0,,,0,Güzelhisar Barajı,,,,129848000,143390000,,82.21,102.32,11960000,,,,,,,2021,5
0,,,0,Balçova Barajı,,,,6840000,7622000,,87.94,143.4,211000,,,,,,,2021,5
0,,,0,Gördes Barajı,,,,55680000,457500000,,8.78,217.48,15500000,,,,,,,2021,5
0,,,0,Tahtalı Barajı,,,,229450000,287050000,,73.11,57.72,19600000,,,,,,,2021,5
0,,,0,Ürkmez Barajı,,,,7600000,8250000,,87.58,45.04,375000,,,,,,,2021,5
0,,,0,Alaçatı Kutlu Aktaş Barajı,,,,11240000,16000000,,67.13,17.7,500000,,,,,,,2021,5
0,,,0,Güzelhisar Barajı,,,,125267000,143390000,,79.02,101.42,11960000,,,,,,,2021,6
0,,,0,Balçova Barajı,,,,5786000,7622000,,74.11,140.13,211000,,,,,,,2021,6
0,,,0,Gördes Barajı,,,,50400000,457500000,,7.63,216.1,15500000,,,,,,,2021,6
0,,,0,Tahtalı Barajı,,,,217375000,287050000,,68.9,57.3,19600000,,,,,,,2021,6
0,,,0,Ürkmez Barajı,,,,6975000,8250000,,80.0,44.04,375000,,,,,,,2021,6
0,,,0,Alaçatı Kutlu Aktaş Barajı,,,,10090000,16000000,,59.94,17.25,500000,,,,,,,2021,6
0,,,0,Güzelhisar Barajı,,,,120053000,143390000,,75.38,100.37,11960000,,,,,,,2021,7
0,,,0,Balçova Barajı,,,,4680000,7622000,,59.6,136.21,211000,,,,,,,2021,7
0,,,0,Gördes Barajı,,,,44268000,457500000,,6.29,214.38,15500000,,,,,,,2021,7
0,,,0,Tahtalı Barajı,,,,198688000,287050000,,62.39,56.65,19600000,,,,,,,2021,7
0,,,0,Ürkmez Barajı,,,,5938000,8250000,,67.43,42.16,375000,,,,,,,2021,7
0,,,0,Alaçatı Kutlu Aktaş Barajı,,,,8938000,16000000,,52.74,16.68,500000,,,,,,,2021,7
0,,,0,Güzelhisar Barajı,,,,114123000,143390000,,71.25,99.14,11960000,,,,,,,2021,8
0,,,0,Balçova Barajı,,,,4576000,7622000,,58.24,135.81,211000,,,,,,,2021,8
0,,,0,Gördes Barajı,,,,37326000,457500000,,4.77,212.39,15500000,,,,,,,2021,8
0,,,0,Tahtalı Barajı,,,,179153000,287050000,,55.58,55.92,19600000,,,,,,,2021,8
0,,,0,Ürkmez Barajı,,,,4943000,8250000,,55.37,40.09,375000,,,,,,,2021,8
0,,,0,Alaçatı Kutlu Aktaş Barajı,,,,7978000,16000000,,46.74,16.08,500000,,,,,,,2021,8
0,,,0,Güzelhisar Barajı,,,,109205000,143390000,,67.82,98.09,11960000,,,,,,,2021,9
0,,,0,Balçova Barajı,,,,4269000,7622000,,54.21,134.6,211000,,,,,,,2021,9
0,,,0,Gördes Barajı,,,,31288000,457500000,,3.45,210.46,15500000,,,,,,,2021,9
0,,,0,Tahtalı Barajı,,,,172063000,287050000,,53.11,55.25,19600000,,,,,,,2021,9
0,,,0,Ürkmez Barajı,,,,4263000,8250000,,47.13,38.5,375000,,,,,,,2021,9
0,,,0,Alaçatı Kutlu Aktaş Barajı,,,,7072000,16000000,,41.08,15.62,500000,,,,,,,2021,9
0,,,0,Güzelhisar Barajı,,,,106182000,143390000,,65.71,97.43,11960000,,,,,,,2021,10
0,,,0,Balçova Barajı,,,,3260000,7622000,,40.97,130.15,211000,,,,,,,2021,10
0,,,0,Gördes Barajı,,,,23775000,457500000,,1.81,207.75,15500000,,,,,,,2021,10
0,,,0,Tahtalı Barajı,,,,166665000,287050000,,51.23,54.74,19600000,,,,,,,2021,10
0,,,0,Ürkmez Barajı,,,,3838000,8250000,,41.98,37.47,375000,,,,,,,2021,10
0,,,0,Alaçatı Kutlu Aktaş Barajı,,,,7030000,16000000,,40.81,15.6,500000,,,,,,,2021,10
0,,,0,Güzelhisar Barajı,,,,102988000,143390000,,63.48,96.72,11960000,,,,,,,2021,11
0,,,0,Balçova Barajı,,,,2220000,7622000,,27.33,124.4,211000,,,,,,,2021,11
0,,,0,Gördes Barajı,,,,22325000,457500000,,1.49,207.17,15500000,,,,,,,2021,11
0,,,0,Tahtalı Barajı,,,,162538000,287050000,,49.8,54.35,19600000,,,,,,,2021,11
0,,,0,Ürkmez Barajı,,,,3562000,8250000,,38.63,36.78,375000,,,,,,,2021,11
0,,,0,Alaçatı Kutlu Aktaş Barajı,,,,6251000,16000000,,35.94,15.22,500000,,,,,,,2021,11
0,,,0,Güzelhisar Barajı,,,,106637000,143390000,,66.03,97.53,11960000,,,,,,,2021,12
0,,,0,Balçova Barajı,,,,2972000,7622000,,37.19,128.7,211000,,,,,,,2021,12
0,,,0,Gördes Barajı,,,,19715000,457500000,,0.92,206.05,15500000,,,,,,,2021,12
0,,,0,Tahtalı Barajı,,,,170793000,287050000,,52.67,55.13,19600000,,,,,,,2021,12
0,,,0,Ürkmez Barajı,,,,5451000,8250000,,61.53,41.16,375000,,,,,,,2021,12
0,,,0,Alaçatı Kutlu Aktaş Barajı,,,,8218000,16000000,,48.24,16.23,500000,,,,,,,2021,12
0,,,0,Güzelhisar Barajı,,,,107047000,143390000,,66.31,97.62,11960000,,,,,,,2022,1
0,,,0,Balçova Barajı,,,,3736000,7622000,,47.22,132.35,211000,,,,,,,2022,1
0,,,0,Gördes Barajı,,,,19807000,457500000,,0.28,206.13,15500000,,,,,,,2022,1
0,,,0,Tahtalı Barajı,,,,175343000,287050000,,54.26,55.56,19600000,,,,,,,2022,1
0,,,0,Ürkmez Barajı,,,,6576000,8250000,,75.16,43.32,375000,,,,,,,2022,1
0,,,0,Alaçatı Kutlu Aktaş Barajı,,,,12360000,16000000,,74.13,18.15,500000,,,,,,,2022,1
0,,,0,Güzelhisar Barajı,,,,127036000,143390000,,80.25,101.77,11960000,,,,,,,2022,2
0,,,0,Balçova Barajı,,,,5710000,7622000,,73.12,139.88,211000,,,,,,,2022,2
0,,,0,Gördes Barajı,,,,25726000,457500000,,1.64,208.51,15500000,,,,,,,2022,2
0,,,0,Tahtalı Barajı,,,,198975000,287050000,,62.49,56.66,19600000,,,,,,,2022,2
0,,,0,Ürkmez Barajı,,,,7937000,8250000,,91.66,45.58,375000,,,,,,,2022,2
0,,,0,Alaçatı Kutlu Aktaş Barajı,,,,14686000,16000000,,88.86,19.11,500000,,,,,,,2022,2
0,,,0,Güzelhisar Barajı,,,,137182000,143390000,,87.33,103.72,11960000,,,,,,,2022,3
0,,,0,Balçova Barajı,,,,6209000,7622000,,79.66,141.49,211000,,,,,,,2022,3
0,,,0,Gördes Barajı,,,,37564000,457500000,,4.36,212.46,15500000,,,,,,,2022,3
0,,,0,Tahtalı Barajı,,,,220250000,287050000,,69.9,57.4,19600000,,,,,,,2022,3
0,,,0,Ürkmez Barajı,,,,7919000,8250000,,91.44,45.55,375000,,,,,,,2022,3
0,,,0,Alaçatı Kutlu Aktaş Barajı,,,,15674000,16000000,,94.84,19.49,500000,,,,,,,2022,3
0,,,0,Güzelhisar Barajı,,,,134376000,143390000,,85.37,103.19,11960000,,,,,,,2022,4
0,,,0,Balçova Barajı,,,,6086000,7622000,,78.05,141.1,211000,,,,,,,2022,4
0,,,0,Gördes Barajı,,,,40625000,457500000,,5.07,213.35,15500000,,,,,,,2022,4
0,,,0,Tahtalı Barajı,,,,213638000,287050000,,67.6,57.17,19600000,,,,,,,2022,4
0,,,0,Ürkmez Barajı,,,,7887000,8250000,,91.05,45.5,375000,,,,,,,2022,4
0,,,0,Alaçatı Kutlu Aktaş Barajı,,,,14998000,16000000,,90.61,19.23,500000,,,,,,,2022,4
0,,,0,Güzelhisar Barajı,,,,130209000,143390000,,82.47,102.39,11960000,,,,,,,2022,5
0,,,0,Balçova Barajı,,,,5462000,7622000,,69.86,139.04,211000,,,,,,,2022,5
0,,,0,Gördes Barajı,,,,41325000,457500000,,5.23,213.55,15500000,,,,,,,2022,5
0,,,0,Tahtalı Barajı,,,,201275000,287050000,,63.29,56.74,19600000,,,,,,,2022,5
0,,,0,Ürkmez Barajı,,,,7600000,8250000,,87.58,45.04,375000,,,,,,,2022,5
0,,,0,Alaçatı Kutlu Aktaş Barajı,,,,14232000,16000000,,85.83,18.93,500000,,,,,,,2022,5
0,,,0,Güzelhisar Barajı,,,,125166000,143390000,,78.95,101.4,11960000,,,,,,,2022,6
0,,,0,Balçova Barajı,,,,4493000,7622000,,57.15,135.49,211000,,,,,,,2022,6
0,,,0,Gördes Barajı,,,,40695000,457500000,,5.08,213.37,15500000,,,,,,,2022,6
0,,,0,Tahtalı Barajı,,,,183163000,287050000,,56.98,56.11,19600000,,,,,,,2022,6
0,,,0,Ürkmez Barajı,,,,7050000,8250000,,80.91,44.16,375000,,,,,,,2022,6
0,,,0,Alaçatı Kutlu Aktaş Barajı,,,,13080000,16000000,,78.63,18.45,500000,,,,,,,2022,6
0,,,0,Güzelhisar Barajı,,,,119418000,143390000,,74.94,100.24,11960000,,,,,,,2022,7
0,,,0,Balçova Barajı,,,,3482000,7622000,,43.89,131.2,211000,,,,,,,2022,7
0,,,0,Gördes Barajı,,,,39925000,457500000,,4.9,213.15,15500000,,,,,,,2022,7
0,,,0,Tahtalı Barajı,,,,172909000,287050000,,53.41,55.33,19600000,,,,,,,2022,7
0,,,0,Ürkmez Barajı,,,,6103000,8250000,,69.43,42.46,375000,,,,,,,2022,7
0,,,0,Alaçatı Kutlu Aktaş Barajı,,,,11617000,16000000,,69.48,17.85,500000,,,,,,,2022,7
0,,,0,Güzelhisar Barajı,,,,113744000,143390000,,70.98,99.06,11960000,,,,,,,2022,8
0,,,0,Balçova Barajı,,,,2677000,7622000,,33.32,127.11,211000,,,,,,,2022,8
0,,,0,Gördes Barajı,,,,38550000,457500000,,4.59,212.75,15500000,,,,,,,2022,8
0,,,0,Tahtalı Barajı,,,,164337000,287050000,,50.42,54.52,19600000,,,,,,,2022,8
0,,,0,Ürkmez Barajı,,,,5128000,8250000,,57.61,40.48,375000,,,,,,,2022,8
0,,,0,Alaçatı Kutlu Aktaş Barajı,,,,10168000,16000000,,60.43,17.28,500000,,,,,,,2022,8
0,,,0,Güzelhisar Barajı,,,,109021000,143390000,,67.69,98.05,11960000,,,,,,,2022,9
0,,,0,Balçova Barajı,,,,2318000,7622000,,28.61,125.01,211000,,,,,,,2022,9
0,,,0,Gördes Barajı,,,,37530000,457500000,,4.35,212.45,15500000,,,,,,,2022,9
0,,,0,Tahtalı Barajı,,,,155658000,287050000,,47.4,53.7,19600000,,,,,,,2022,9
0,,,0,Ürkmez Barajı,,,,4858000,8250000,,54.34,39.9,375000,,,,,,,2022,9
0,,,0,Alaçatı Kutlu Aktaş Barajı,,,,9258000,16000000,,54.74,16.88,500000,,,,,,,2022,9
0,,,0,Güzelhisar Barajı,,,,105547000,143390000,,65.27,97.29,11960000,,,,,,,2022,10
0,,,0,Balçova Barajı,,,,2139000,7622000,,26.27,123.88,211000,,,,,,,2022,10
0,,,0,Gördes Barajı,,,,36238000,457500000,,4.06,212.07,15500000,,,,,,,2022,10
0,,,0,Tahtalı Barajı,,,,146874000,287050000,,44.34,52.87,19600000,,,,,,,2022,10
0,,,0,Ürkmez Barajı,,,,4717000,8250000,,52.63,39.57,375000,,,,,,,2022,10
0,,,0,Alaçatı Kutlu Aktaş Barajı,,,,8430000,16000000,,49.56,16.4,500000,,,,,,,2022,10
0,,,0,Güzelhisar Barajı,,,,102676000,143390000,,63.27,96.65,11960000,,,,,,,2022,11
0,,,0,Balçova Barajı,,,,1797000,7622000,,21.78,121.54,211000,,,,,,,2022,11
0,,,0,Gördes Barajı,,,,35552000,457500000,,3.9,211.86,15500000,,,,,,,2022,11
0,,,0,Tahtalı Barajı,,,,139148000,287050000,,41.65,52.14,19600000,,,,,,,2022,11
0,,,0,Ürkmez Barajı,,,,3310000,8250000,,35.58,36.15,375000,,,,,,,2022,11
0,,,0,Alaçatı Kutlu Aktaş Barajı,,,,7946000,16000000,,46.54,16.06,500000,,,,,,,2022,11
0,,,0,Güzelhisar Barajı,,,,101612000,143390000,,62.52,96.41,11960000,,,,,,,2022,12
0,,,0,Balçova Barajı,,,,2157000,7622000,,26.5,124.0,211000,,,,,,,2022,12
0,,,0,Gördes Barajı,,,,36000000,457500000,,4.0,212.0,15500000,,,,,,,2022,12
0,,,0,Tahtalı Barajı,,,,137138000,287050000,,40.95,51.95,19600000,,,,,,,2022,12
0,,,0,Ürkmez Barajı,,,,3602000,8250000,,39.12,36.88,375000,,,,,,,2022,12
0,,,0,Alaçatı Kutlu Aktaş Barajı,,,,7882000,16000000,,46.14,16.02,500000,,,,,,,2022,12
0,,,0,Güzelhisar Barajı,,,,99504000,143390000,,61.05,95.93,11960000,,,,,,,2023,1
0,,,0,Balçova Barajı,,,,2342000,7622000,,28.93,125.16,211000,,,,,,,2023,1
0,,,0,Gördes Barajı,,,,37088000,457500000,,4.25,212.32,15500000,,,,,,,2023,1
0,,,0,Tahtalı Barajı,,,,134703000,287050000,,40.1,51.72,19600000,,,,,,,2023,1
0,,,0,Ürkmez Barajı,,,,3602000,8250000,,39.12,36.88,375000,,,,,,,2023,1
0,,,0,Alaçatı Kutlu Aktaş Barajı,,,,7440000,16000000,,43.38,15.8,500000,,,,,,,2023,1
0,,,0,Güzelhisar Barajı,,,,105728000,143390000,,65.39,97.33,11960000,,,,,,,2023,2
0,,,0,Balçova Barajı,,,,3057000,7622000,,38.31,129.14,211000,,,,,,,2023,2
0,,,0,Gördes Barajı,,,,46392000,457500000,,6.39,214.97,15500000,,,,,,,2023,2
0,,,0,Tahtalı Barajı,,,,137561000,287050000,,41.09,51.99,19600000,,,,,,,2023,2
0,,,0,Ürkmez Barajı,,,,3770000,8250000,,41.15,37.3,375000,,,,,,,2023,2
0,,,0,Alaçatı Kutlu Aktaş Barajı,,,,7882000,16000000,,46.14,16.02,500000,,,,,,,2023,2
0,,,0,Güzelhisar Barajı,,,,111017000,143390000,,69.08,98.48,11960000,,,,,,,2023,3
0,,,0,Balçova Barajı,,,,3689000,7622000,,46.6,132.14,211000,,,,,,,2023,3
0,,,0,Gördes Barajı,,,,49090000,457500000,,7.01,215.74,15500000,,,,,,,2023,3
0,,,0,Tahtalı Barajı,,,,137455000,287050000,,41.06,51.98,19600000,,,,,,,2023,3
0,,,0,Ürkmez Barajı,,,,4110000,8250000,,45.27,38.14,375000,,,,,,,2023,3
0,,,0,Alaçatı Kutlu Aktaş Barajı,,,,7690000,16000000,,44.94,15.92,500000,,,,,,,2023,3
0,,,0,Güzelhisar Barajı,,,,119369000,143390000,,74.91,100.23,11960000,,,,,,,2023,4
0,,,0,Balçova Barajı,,,,4108000,7622000,,52.1,133.94,211000,,,,,,,2023,4
0,,,0,Gördes Barajı,,,,53640000,457500000,,8.06,216.91,15500000,,,,,,,2023,4
0,,,0,Tahtalı Barajı,,,,138619000,287050000,,41.46,52.09,19600000,,,,,,,2023,4
0,,,0,Ürkmez Barajı,,,,4318000,8250000,,47.79,38.63,375000,,,,,,,2023,4
0,,,0,Alaçatı Kutlu Aktaş Barajı,,,,9580000,16000000,,56.75,17.05,500000,,,,,,,2023,4
0,,,0,Güzelhisar Barajı,,,,117186000,143390000,,73.38,99.78,11960000,,,,,,,2023,5
0,,,0,Balçova Barajı,,,,4412000,7622000,,56.09,135.17,211000,,,,,,,2023,5
0,,,0,Gördes Barajı,,,,55365000,457500000,,8.46,217.39,15500000,,,,,,,2023,5
0,,,0,Tahtalı Barajı,,,,136608000,287050000,,40.76,51.9,19600000,,,,,,,2023,5
0,,,0,Ürkmez Barajı,,,,4178000,8250000,,46.1,38.3,375000,,,,,,,2023,5
0,,,0,Alaçatı Kutlu Aktaş Barajı,,,,9034000,16000000,,53.34,16.74,500000,,,,,,,2023,5
0,,,0,Güzelhisar Barajı,,,,114408000,143390000,,71.45,99.2,11960000,,,,,,,2023,6
0,,,0,Balçova Barajı,,,,4407000,7622000,,56.02,135.15,211000,,,,,,,2023,6
0,,,0,Gördes Barajı,,,,56100000,457500000,,8.63,217.6,15500000,,,,,,,2023,6
0,,,0,Tahtalı Barajı,,,,133645000,287050000,,39.73,51.62,19600000,,,,,,,2023,6
0,,,0,Ürkmez Barajı,,,,4050000,8250000,,44.55,38.0,375000,,,,,,,2023,6
0,,,0,Alaçatı Kutlu Aktaş Barajı,,,,8386000,16000000,,49.29,16.34,500000,,,,,,,2023,6
0,,,0,Güzelhisar Barajı,,,,111953000,143390000,,69.73,98.68,11960000,,,,,,,2023,7
0,,,0,Balçova Barajı,,,,3860000,7622000,,48.85,132.89,211000,,,,,,,2023,7
0,,,0,Gördes Barajı,,,,50440000,457500000,,7.32,216.11,15500000,,,,,,,2023,7
0,,,0,Tahtalı Barajı,,,,128883000,287050000,,38.07,51.17,19600000,,,,,,,2023,7
0,,,0,Ürkmez Barajı,,,,3682000,8250000,,40.08,37.08,375000,,,,,,,2023,7
0,,,0,Alaçatı Kutlu Aktaş Barajı,,,,7629000,16000000,,44.56,15.89,500000,,,,,,,2023,7
0,,,0,Güzelhisar Barajı,,,,106409000,143390000,,65.87,97.48,11960000,,,,,,,2023,8
0,,,0,Balçova Barajı,,,,2590000,7622000,,32.18,126.62,211000,,,,,,,2023,8
0,,,0,Gördes Barajı,,,,50120000,457500000,,7.25,216.03,15500000,,,,,,,2023,8
0,,,0,Tahtalı Barajı,,,,120945000,287050000,,35.31,50.42,19600000,,,,,,,2023,8
0,,,0,Ürkmez Barajı,,,,3322000,8250000,,35.72,36.18,375000,,,,,,,2023,8
0,,,0,Alaçatı Kutlu Aktaş Barajı,,,,6415000,16000000,,36.97,15.3,500000,,,,,,,2023,8
0,,,0,Güzelhisar Barajı,,,,101877000,143390000,,62.71,96.47,11960000,,,,,,,2023,9
0,,,0,Balçova Barajı,,,,1556000,7622000,,18.62,119.73,211000,,,,,,,2023,9
0,,,0,Gördes Barajı,,,,46640000,457500000,,6.45,215.04,15500000,,,,,,,2023,9
0,,,0,Tahtalı Barajı,,,,114361000,287050000,,33.01,49.77,19600000,,,,,,,2023,9
0,,,0,Ürkmez Barajı,,,,2390000,8250000,,24.42,33.3,375000,,,,,,,2023,9
0,,,0,Alaçatı Kutlu Aktaş Barajı,,,,5313000,16000000,,30.08,14.74,500000,,,,,,,2023,9
0,,,0,Güzelhisar Barajı,,,,97985000,143390000,,59.99,95.58,11960000,,,,,,,2023,10
0,,,0,Balçova Barajı,,,,1286000,7622000,,15.07,117.47,211000,,,,,,,2023,10
0,,,0,Gördes Barajı,,,,32100000,457500000,,3.11,210.75,15500000,,,,,,,2023,10
0,,,0,Tahtalı Barajı,,,,107107000,287050000,,30.48,48.99,19600000,,,,,,,2023,10
0,,,0,Ürkmez Barajı,,,,1728000,8250000,,16.4,30.91,375000,,,,,,,2023,10
0,,,0,Alaçatı Kutlu Aktaş Barajı,,,,4230000,16000000,,23.31,14.15,500000,,,,,,,2023,10
0,,,0,Güzelhisar Barajı,,,,95245000,143390000,,58.08,94.94,11960000,,,,,,,2023,11
0,,,0,Balçova Barajı,,,,1314000,7622000,,15.44,117.72,211000,,,,,,,2023,11
0,,,0,Gördes Barajı,,,,27600000,457500000,,2.07,209.2,15500000,,,,,,,2023,11
0,,,0,Tahtalı Barajı,,,,100318000,287050000,,28.12,48.26,19600000,,,,,,,2023,11
0,,,0,Ürkmez Barajı,,,,1507000,8250000,,13.72,30.03,375000,,,,,,,2023,11
0,,,0,Alaçatı Kutlu Aktaş Barajı,,,,3710000,16000000,,20.06,13.85,500000,,,,,,,2023,11
0,,,0,Güzelhisar Barajı,,,,103389000,143390000,,63.76,96.81,11960000,,,,,,,2023,12
0,,,0,Balçova Barajı,,,,1892000,7622000,,23.03,122.22,211000,,,,,,,2023,12
0,,,0,Gördes Barajı,,,,38346000,457500000,,4.54,212.69,15500000,,,,,,,2023,12
0,,,0,Tahtalı Barajı,,,,98086000,287050000,,27.34,48.02,19600000,,,,,,,2023,12
0,,,0,Ürkmez Barajı,,,,1530000,8250000,,14.0,30.12,375000,,,,,,,2023,12
0,,,0,Alaçatı Kutlu Aktaş Barajı,,,,4428000,16000000,,24.55,14.26,500000,,,,,,,2023,12
0,,,0,Güzelhisar Barajı,,,,119223000,143390000,,74.81,100.2,11960000,,,,,,,2024,1
0,,,0,Balçova Barajı,,,,3133000,7622000,,39.31,129.52,211000,,,,,,,2024,1
0,,,0,Gördes Barajı,,,,43152000,457500000,,5.65,214.07,15500000,,,,,,,2024,1
0,,,0,Tahtalı Barajı,,,,106084000,287050000,,30.13,48.88,19600000,,,,,,,2024,1
0,,,0,Ürkmez Barajı,,,,2694000,8250000,,28.11,34.29,375000,,,,,,,2024,1
0,,,0,Alaçatı Kutlu Aktaş Barajı,,,,5800000,16000000,,33.13,15.0,500000,,,,,,,2024,1
0,,,0,Güzelhisar Barajı,,,,136225000,143390000,,86.66,103.54,11960000,,,,,,,2024,2
0,,,0,Balçova Barajı,,,,4923000,7622000,,62.79,137.12,211000,,,,,,,2024,2
0,,,0,Gördes Barajı,,,,69560000,457500000,,11.72,220.9,15500000,,,,,,,2024,2
0,,,0,Tahtalı Barajı,,,,111106000,287050000,,31.88,49.42,19600000,,,,,,,2024,2
0,,,0,Ürkmez Barajı,,,,3658000,8250000,,39.79,37.02,375000,,,,,,,2024,2
0,,,0,Alaçatı Kutlu Aktaş Barajı,,,,6050000,16000000,,34.69,15.12,500000,,,,,,,2024,2
0,,,0,Güzelhisar Barajı,,,,139916000,143390000,,89.24,104.23,11960000,,,,,,,2024,3
0,,,0,Balçova Barajı,,,,5698000,7622000,,72.96,139.84,211000,,,,,,,2024,3
0,,,0,Gördes Barajı,,,,70451000,457500000,,11.93,221.11,15500000,,,,,,,2024,3
0,,,0,Tahtalı Barajı,,,,112222000,287050000,,32.27,49.54,19600000,,,,,,,2024,3
0,,,0,Ürkmez Barajı,,,,3818000,8250000,,41.73,37.42,375000,,,,,,,2024,3
0,,,0,Alaçatı Kutlu Aktaş Barajı,,,,8026000,16000000,,47.04,16.11,500000,,,,,,,2024,3
0,,,0,Güzelhisar Barajı,,,,137715000,143390000,,87.7,103.82,11960000,,,,,,,2024,4
0,,,0,Balçova Barajı,,,,5976000,7622000,,76.61,140.75,211000,,,,,,,2024,4
0,,,0,Gördes Barajı,,,,75108000,457500000,,13.0,222.21,15500000,,,,,,,2024,4
0,,,0,Tahtalı Barajı,,,,110920000,287050000,,31.81,49.4,19600000,,,,,,,2024,4
0,,,0,Ürkmez Barajı,,,,3970000,8250000,,43.58,37.8,375000,,,,,,,2024,4
0,,,0,Alaçatı Kutlu Aktaş Barajı,,,,7524000,16000000,,43.9,15.84,500000,,,,,,,2024,4
0,,,0,Güzelhisar Barajı,,,,134428000,143390000,,85.41,103.2,11960000,,,,,,,2024,5
0,,,0,Balçova Barajı,,,,5887000,7622000,,75.44,140.46,211000,,,,,,,2024,5
0,,,0,Gördes Barajı,,,,73731000,457500000,,12.68,221.91,15500000,,,,,,,2024,5
0,,,0,Tahtalı Barajı,,,,106642000,287050000,,30.32,48.94,19600000,,,,,,,2024,5
0,,,0,Ürkmez Barajı,,,,3862000,8250000,,42.27,37.53,375000,,,,,,,2024,5
0,,,0,Alaçatı Kutlu Aktaş Barajı,,,,6890000,16000000,,39.94,15.53,500000,,,,,,,2024,5
0,,,0,Güzelhisar Barajı,,,,130157000,143390000,,82.43,102.38,11960000,,,,,,,2024,6
0,,,0,Balçova Barajı,,,,5491000,7622000,,70.24,139.14,211000,,,,,,,2024,6
0,,,0,Gördes Barajı,,,,67756000,457500000,,11.31,220.49,15500000,,,,,,,2024,6
0,,,0,Tahtalı Barajı,,,,101155000,287050000,,28.41,48.35,19600000,,,,,,,2024,6
0,,,0,Ürkmez Barajı,,,,3794000,8250000,,41.44,37.36,375000,,,,,,,2024,6
0,,,0,Alaçatı Kutlu Aktaş Barajı,,,,6210000,16000000,,35.69,15.2,500000,,,,,,,2024,6
0,,,0,Güzelhisar Barajı,,,,124563000,143390000,,78.53,121.28,11960000,,,,,,,2024,7
0,,,0,Balçova Barajı,,,,4701000,7622000,,59.88,136.29,211000,,,,,,,2024,7
0,,,0,Gördes Barajı,,,,57980000,457500000,,9.06,218.12,15500000,,,,,,,2024,7
0,,,0,Tahtalı Barajı,,,,93715000,287050000,,25.82,47.55,19600000,,,,,,,2024,7
0,,,0,Ürkmez Barajı,,,,3185000,8250000,,34.06,35.8,375000,,,,,,,2024,7
0,,,0,Alaçatı Kutlu Aktaş Barajı,,,,5079000,16000000,,28.62,14.61,500000,,,,,,,2024,7
0,,,0,Güzelhisar Barajı,,,,118541000,143390000,,74.33,100.06,11960000,,,,,,,2024,8
0,,,0,Balçova Barajı,,,,3832000,7622000,,48.48,132.77,211000,,,,,,,2024,8
0,,,0,Gördes Barajı,,,,45240000,457500000,,6.13,214.65,15500000,,,,,,,2024,8
0,,,0,Tahtalı Barajı,,,,83578000,287050000,,22.29,46.78,19600000,,,,,,,2024,8
0,,,0,Ürkmez Barajı,,,,2342000,8250000,,23.84,33.14,375000,,,,,,,2024,8
0,,,0,Alaçatı Kutlu Aktaş Barajı,,,,3838000,16000000,,20.86,13.93,500000,,,,,,,2024,8
0,,,0,Güzelhisar Barajı,,,,113365000,143390000,,70.72,98.98,11960000,,,,,,,2024,9
0,,,0,Balçova Barajı,,,,2480000,7622000,,30.74,125.98,211000,,,,,,,2024,9
0,,,0,Gördes Barajı,,,,39575000,457500000,,4.82,213.05,15500000,,,,,,,2024,9
0,,,0,Tahtalı Barajı,,,,73441000,287050000,,18.76,45.37,19600000,,,,,,,2024,9
0,,,0,Ürkmez Barajı,,,,1605000,8250000,,14.91,30.42,375000,,,,,,,2024,9
0,,,0,Alaçatı Kutlu Aktaş Barajı,,,,2894000,16000000,,14.96,13.34,500000,,,,,,,2024,9
0,,,0,Güzelhisar Barajı,,,,109067000,143390000,,67.22,98.06,11960000,,,,,,,2024,10
0,,,0,Balçova Barajı,,,,1420000,7622000,,16.83,118.62,211000,,,,,,,2024,10
0,,,0,Gördes Barajı,,,,33952000,457500000,,3.53,211.36,15500000,,,,,,,2024,10
0,,,0,Tahtalı Barajı,,,,67340000,287050000,,16.63,44.62,19600000,,,,,,,2024,10
0,,,0,Ürkmez Barajı,,,,1356000,8250000,,11.89,29.36,375000,,,,,,,2024,10
0,,,0,Alaçatı Kutlu Aktaş Barajı,,,,2311000,16000000,,11.32,12.97,500000,,,,,,,2024,10
0,,,0,Güzelhisar Barajı,,,,106000000,143390000,,65.58,97.39,11960000,,,,,,,2024,11
0,,,0,Balçova Barajı,,,,1137000,7622000,,13.12,116.1,211000,,,,,,,2024,11
0,,,0,Gördes Barajı,,,,28380000,457500000,,2.25,209.46,15500000,,,,,,,2024,11
0,,,0,Tahtalı Barajı,,,,59010000,287050000,,13.73,43.43,19600000,,,,,,,2024,11
0,,,0,Ürkmez Barajı,,,,1145000,8250000,,9.33,28.42,375000,,,,,,,2024,11
0,,,0,Alaçatı Kutlu Aktaş Barajı,,,,1758000,16000000,,7.86,12.56,500000,,,,,,,2024,11
0,,,0,Güzelhisar Barajı,,,,104240000,143390000,,64.36,97.0,11960000,,,,,,,2024,12
0,,,0,Balçova Barajı,,,,1127000,7622000,,12.99,116.01,211000,,,,,,,2024,12
0,,,0,Gördes Barajı,,,,23020000,457500000,,1.02,207.57,15500000,,,,,,,2024,12
0,,,0,Tahtalı Barajı,,,,51380000,287050000,,11.07,42.01,19600000,,,,,,,2024,12
0,,,0,Ürkmez Barajı,,,,966000,8250000,,7.16,27.52,375000,,,,,,,2024,12
0,,,0,Alaçatı Kutlu Aktaş Barajı,,,,1894000,16000000,,8.71,12.66,500000,,,,,,,2024,12
0,,,0,Güzelhisar Barajı,,,,104870000,143390000,,64.8,97.14,11960000,,,,,,,2025,1
0,,,0,Balçova Barajı,,,,1565000,7622000,,18.74,119.8,211000,,,,,,,2025,1
0,,,0,Gördes Barajı,,,,31260000,457500000,,2.91,210.45,15500000,,,,,,,2025,1
0,,,0,Tahtalı Barajı,,,,53900000,287050000,,11.95,42.55,19600000,,,,,,,2025,1
0,,,0,Ürkmez Barajı,,,,1828000,8250000,,17.61,31.31,375000,,,,,,,2025,1
0,,,0,Alaçatı Kutlu Aktaş Barajı,,,,3726000,16000000,,20.16,13.86,500000,,,,,,,2025,1
0,,,0,Güzelhisar Barajı,,,,112187000,143390000,,69.9,98.73,11960000,,,,,,,2025,2
0,,,0,Balçova Barajı,,,,2670000,7622000,,33.23,127.07,211000,,,,,,,2025,2
0,,,0,Gördes Barajı,,,,45672000,457500000,,6.23,214.77,15500000,,,,,,,2025,2
0,,,0,Tahtalı Barajı,,,,62510000,287050000,,14.95,43.93,19600000,,,,,,,2025,2
0,,,0,Ürkmez Barajı,,,,2616000,8250000,,27.16,34.05,375000,,,,,,,2025,2
0,,,0,Alaçatı Kutlu Aktaş Barajı,,,,3902000,16000000,,21.26,13.97,500000,,,,,,,2025,2
0,,,0,Güzelhisar Barajı,,,,111484000,143390000,,69.41,98.58,11960000,,,,,,,2025,3
0,,,0,Balçova Barajı,,,,2972000,7622000,,37.19,128.7,211000,,,,,,,2025,3
0,,,0,Gördes Barajı,,,,44484000,457500000,,5.95,214.44,15500000,,,,,,,2025,3
0,,,0,Tahtalı Barajı,,,,64820000,287050000,,15.75,44.26,19600000,,,,,,,2025,3
0,,,0,Ürkmez Barajı,,,,2613000,8250000,,27.13,34.04,375000,,,,,,,2025,3
0,,,0,Alaçatı Kutlu Aktaş Barajı,,,,3582000,16000000,,19.26,13.77,500000,,,,,,,2025,3
0,,,0,Güzelhisar Barajı,,,,109067000,143390000,,67.72,98.06,11960000,,,,,,,2025,4
0,,,0,Balçova Barajı,,,,3149000,7622000,,39.52,129.6,211000,,,,,,,2025,4
0,,,0,Gördes Barajı,,,,41325000,457500000,,5.23,213.55,15500000,,,,,,,2025,4
0,,,0,Tahtalı Barajı,,,,63630000,287050000,,15.34,44.09,19600000,,,,,,,2025,4
0,,,0,Ürkmez Barajı,,,,2594000,8250000,,26.9,33.98,375000,,,,,,,2025,4
0,,,0,Alaçatı Kutlu Aktaş Barajı,,,,3438000,16000000,,18.36,13.68,500000,,,,,,,2025,4
0,,,0,Güzelhisar Barajı,,,,106227000,143390000,,65.74,97.44,11960000,,,,,,,2025,5
0,,,0,Balçova Barajı,,,,3375000,7622000,,42.48,130.7,211000,,,,,,,2025,5
0,,,0,Gördes Barajı,,,,41780000,457500000,,5.33,213.68,15500000,,,,,,,2025,5
0,,,0,Tahtalı Barajı,,,,63980000,287050000,,15.46,44.14,19600000,,,,,,,2025,5
0,,,0,Ürkmez Barajı,,,,2555000,8250000,,26.42,33.85,375000,,,,,,,2025,5
0,,,0,Alaçatı Kutlu Aktaş Barajı,,,,3150000,16000000,,16.56,13.5,500000,,,,,,,2025,5
0,,,0,Güzelhisar Barajı,,,,104600000,143390000,,64.61,97.08,11960000,,,,,,,2025,6
0,,,0,Balçova Barajı,,,,3430000,7622000,,43.2,130.96,211000,,,,,,,2025,6
0,,,0,Gördes Barajı,,,,33728000,457500000,,3.48,211.29,15500000,,,,,,,2025,6
0,,,0,Tahtalı Barajı,,,,60410000,287050000,,14.22,43.63,19600000,,,,,,,2025,6
0,,,0,Ürkmez Barajı,,,,2417000,8250000,,24.75,33.39,375000,,,,,,,2025,6
0,,,0,Alaçatı Kutlu Aktaş Barajı,,,,2478000,16000000,,12.36,13.08,500000,,,,,,,2025,6
0,,,0,Güzelhisar Barajı,,,,99374000,143390000,,60.96,95.9,11960000,,,,,,,2025,7
0,,,0,Balçova Barajı,,,,3265000,7622000,,41.04,130.17,211000,,,,,,,2025,7
0,,,0,Gördes Barajı,,,,23598000,457500000,,1.85,207.75,15500000,,,,,,,2025,7
0,,,0,Tahtalı Barajı,,,,53107000,287050000,,11.67,42.38,19600000,,,,,,,2025,7
0,,,0,Ürkmez Barajı,,,,1910000,8250000,,18.61,31.64,375000,,,,,,,2025,7
0,,,0,Alaçatı Kutlu Aktaş Barajı,,,,1797000,16000000,,8.11,12.59,500000,,,,,,,2025,7
0,,,0,Güzelhisar Barajı,,,,94822000,143390000,,57.79,94.84,11960000,,,,,,,2025,8
0,,,0,Balçova Barajı,,,,2385000,7622000,,29.49,125.42,211000,,,,,,,2025,8
0,,,0,Gördes Barajı,,,,16382000,457500000,,0.2,204.41,15500000,,,,,,,2025,8
0,,,0,Tahtalı Barajı,,,,43680000,287050000,,8.39,40.36,19600000,,,,,,,2025,8
0,,,0,Ürkmez Barajı,,,,1286000,8250000,,11.04,29.05,375000,,,,,,,2025,8
0,,,0,Alaçatı Kutlu Aktaş Barajı,,,,991000,16000000,,3.07,11.99,500000,,,,,,,2025,8
0,,,0,Güzelhisar Barajı,,,,88246000,143390000,,53.2,93.25,11960000,,,,,,,2025,9
0,,,0,Balçova Barajı,,,,1367000,7622000,,16.14,118.18,211000,,,,,,,2025,9
0,,,0,Gördes Barajı,,,,15500000,457500000,,0.0,204.0,15500000,,,,,,,2025,9
0,,,0,Tahtalı Barajı,,,,35880000,287050000,,5.67,37.96,19600000,,,,,,,2025,9
0,,,0,Ürkmez Barajı,,,,893000,8250000,,6.28,27.1,375000,,,,,,,2025,9
0,,,0,Alaçatı Kutlu Aktaş Barajı,,,,603000,16000000,,0.64,11.37,500000,,,,,,,2025,9
0,,,0,Güzelhisar Barajı,,,,82206000,143390000,,48.99,91.72,11960000,,,,,,,2025,10
0,,,0,Balçova Barajı,,,,521000,7622000,,5.04,108.87,211000,,,,,,,2025,10
0,,,0,Gördes Barajı,,,,15500000,457500000,,0.0,204.0,15500000,,,,,,,2025,10
0,,,0,Tahtalı Barajı,,,,29550000,287050000,,3.47,35.82,19600000,,,,,,,2025,10
0,,,0,Ürkmez Barajı,,,,598000,8250000,,2.7,24.98,375000,,,,,,,2025,10
0,,,0,Alaçatı Kutlu Aktaş Barajı,,,,514000,16000000,,0.09,11.19,500000,,,,,,,2025,10
0,,,0,Güzelhisar Barajı,,,,79159000,143390000,,46.86,90.92,11960000,,,,,,,2025,10
0,,,0,Balçova Barajı,,,,211000,7622000,,0.0,103.06,211000,,,,,,,2025,10
0,,,0,Gördes Barajı,,,,15500000,457500000,,0.0,204.0,15500000,,,,,,,2025,10
0,,,0,Tahtalı Barajı,,,,24694000,287050000,,1.77,33.83,19600000,,,,,,,2025,10
0,,,0,Ürkmez Barajı,,,,680000,8250000,,3.7,25.8,375000,,,,,,,2025,10
0,,,0,Alaçatı Kutlu Aktaş Barajı,,,,508000,16000000,,0.05,11.18,500000,,,,,,,2025,10
0,,,0,Güzelhisar Barajı,,,,74082000,143390000,,43.32,89.54,11960000,,,,,,,2025,11
0,,,0,Balçova Barajı,,,,211000,7622000,,0.0,103.06,211000,,,,,,,2025,11
0,,,0,Gördes Barajı,,,,15500000,457500000,,0.0,204.0,15500000,,,,,,,2025,11
0,,,0,Tahtalı Barajı,,,,22678000,287050000,,1.07,32.71,19600000,,,,,,,2025,11
0,,,0,Ürkmez Barajı,,,,650000,8250000,,3.33,25.5,375000,,,,,,,2025,11
0,,,0,Alaçatı Kutlu Aktaş Barajı,,,,646000,16000000,,0.91,11.41,500000,,,,,,,2025,11
