YIL,AY,ORTALAMA_TUKETIM_MEAN,ABONE_ADEDI_SUM,KAYIT_SAYISI,ORT_DOLULUK,TOPLAM_SU,BARAJ_SAYISI,TUKETIM
2024,1,170.5,7.0,1.0,35.190000000000005,280086000.0,6.0,76.62
2022,10,170.5,7.0,1.0,40.355,303945000.0,6.0,148.1
2021,8,170.5,7.0,1.0,48.65833333333333,348099000.0,6.0,132.88
2022,1,58.0,1.0,1.0,52.89333333333334,324869000.0,6.0,141.36
2021,3,1457.0,56.0,1.0,69.53833333333334,440241000.0,6.0,111.44
2020,3,9.0,1.0,1.0,45.97083333333333,763761000.0,12.0,199.85
2021,1,59.5,5.0,2.0,42.87166666666667,270220000.0,6.0,152.18
2020,6,415.0,16.0,1.0,43.65833333333334,337939000.0,6.0,193.02
2024,6,170.5,7.0,1.0,44.92,314563000.0,6.0,98.19
2024,4,10.0,2.0,1.0,49.43333333333334,341213000.0,6.0,121.64
2023,4,67.0,3.0,1.0,46.845,329634000.0,6.0,100.28
2022,9,468.6666666666667,64.0,3.0,42.855,318643000.0,6.0,65.2
2023,10,171.0,20.0,2.0,24.72666666666667,244436000.0,6.0,110.71
2024,5,40.0,9.0,3.0,47.67666666666667,331440000.0,6.0,109.82
2021,7,531.5,51.0,2.0,53.97166666666666,382565000.0,6.0,154.11
2022,11,170.5,7.0,1.0,35.45333333333333,290429000.0,6.0,93.87
2020,7,2170.0,49.0,1.0,38.525,316270000.0,6.0,122.31
2024,8,41.0,2.0,1.0,32.655,257371000.0,6.0,73.71
2023,10,170.5,7.0,1.0,24.72666666666667,244436000.0,6.0,130.06
2023,12,238.0,20.0,1.0,26.203333333333333,247671000.0,6.0,193.49
2020,10,170.5,7.0,1.0,25.903333333333336,258732000.0,6.0,140.63
2024,2,170.5,7.0,1.0,44.58833333333333,331522000.0,6.0,166.23
2021,10,170.5,7.0,1.0,40.41833333333333,310750000.0,6.0,86.98
2024,3,170.5,7.0,1.0,49.19499999999999,340131000.0,6.0,116.88
2020,10,662.5,7.0,2.0,25.903333333333336,258732000.0,6.0,73.43
2022,12,1.0,1.0,1.0,36.53833333333333,288391000.0,6.0,68.88
2022,8,170.5,7.0,1.0,46.225,334604000.0,6.0,92.69
2022,10,170.5,7.0,1.0,40.355,303945000.0,6.0,138.42
2020,9,17.0,1.0,1.0,28.296666666666667,275243000.0,6.0,118.15
2020,2,170.5,7.0,1.0,44.46666666666667,320996000.0,6.0,117.92
2022,3,170.5,7.0,1.0,71.255,424798000.0,6.0,87.51
2020,7,170.5,7.0,1.0,38.525,316270000.0,6.0,168.91
2021,1,251.5,40.0,2.0,42.87166666666667,270220000.0,6.0,118.06
2023,12,5.0,1.0,1.0,26.203333333333333,247671000.0,6.0,129.95
2023,12,5.0,1.0,1.0,26.203333333333333,247671000.0,6.0,135.21
2021,10,170.5,7.0,1.0,40.41833333333333,310750000.0,6.0,114.85
2020,10,406.5,50.0,2.0,25.903333333333336,258732000.0,6.0,120.9
2024,6,6.0,1.0,1.0,44.92,314563000.0,6.0,121.34
2021,10,170.5,7.0,1.0,40.41833333333333,310750000.0,6.0,152.17
2024,7,126.5,8.0,2.0,39.32833333333333,289223000.0,6.0,107.79
2021,8,170.5,7.0,1.0,48.65833333333333,348099000.0,6.0,255.22
2021,7,54.0,3.0,1.0,53.97166666666666,382565000.0,6.0,77.95
2024,4,10.0,2.0,1.0,49.43333333333334,341213000.0,6.0,186.77
2021,5,12.0,2.0,1.0,67.79166666666667,440658000.0,6.0,177.16
2020,12,1259.6666666666667,107.0,3.0,33.15833333333333,251570000.0,6.0,112.52
2023,5,170.5,7.0,1.0,46.355,326783000.0,6.0,127.59
2023,9,184.0,1.0,1.0,29.215,272137000.0,6.0,164.09
2021,10,11614.5,2120.0,2.0,40.41833333333333,310750000.0,6.0,167.2
2020,3,170.5,7.0,1.0,45.97083333333333,763761000.0,12.0,74.57
2023,5,170.5,7.0,1.0,46.355,326783000.0,6.0,158.8
2023,3,23.0,1.0,1.0,42.32666666666667,313051000.0,6.0,71.64
2021,1,170.5,7.0,1.0,42.87166666666667,270220000.0,6.0,141.14
2022,2,12.0,1.0,1.0,66.33666666666666,380070000.0,6.0,141.39
2020,11,170.5,7.0,1.0,24.118333333333336,243861000.0,6.0,131.97
2021,11,170.5,7.0,1.0,36.111666666666665,299884000.0,6.0,166.52
2024,3,170.5,7.0,1.0,49.19499999999999,340131000.0,6.0,184.84
2021,6,421.0,34.0,1.0,61.6,415893000.0,6.0,191.77
2022,10,170.5,7.0,1.0,40.355,303945000.0,6.0,197.69
2024,3,170.5,7.0,1.0,49.19499999999999,340131000.0,6.0,96.18
2024,4,170.5,7.0,1.0,49.43333333333334,341213000.0,6.0,118.97
2021,12,4.0,1.0,1.0,44.43,313786000.0,6.0,71.97
2023,7,1219.0,64.0,1.0,41.435,306447000.0,6.0,182.54
2024,3,170.5,7.0,1.0,49.19499999999999,340131000.0,6.0,167.3
2023,10,170.5,7.0,1.0,24.72666666666667,244436000.0,6.0,39.68
2024,4,48.0,6.0,1.0,49.43333333333334,341213000.0,6.0,83.04
2020,1,26.0,4.0,1.0,43.28583333333333,750576000.0,12.0,171.17
2020,1,35.0,2.0,1.0,43.28583333333333,750576000.0,12.0,158.19
2022,11,8.0,1.0,1.0,35.45333333333333,290429000.0,6.0,160.07
2023,5,170.5,7.0,1.0,46.355,326783000.0,6.0,85.19
2023,8,170.5,7.0,1.0,35.550000000000004,289801000.0,6.0,117.74
2023,4,65.0,2.0,1.0,46.845,329634000.0,6.0,185.92
2024,1,170.5,7.0,1.0,35.190000000000005,280086000.0,6.0,172.25
2023,4,170.5,7.0,1.0,46.845,329634000.0,6.0,126.5
2024,3,170.5,7.0,1.0,49.19499999999999,340131000.0,6.0,64.21
2023,11,170.5,7.0,1.0,22.915000000000003,229694000.0,6.0,99.52
2022,8,170.5,7.0,1.0,46.225,334604000.0,6.0,110.58
2023,3,170.5,7.0,1.0,42.32666666666667,313051000.0,6.0,82.92
2021,2,24.5,8.0,2.0,63.975,381253000.0,6.0,157.23
2024,5,40.0,9.0,3.0,47.67666666666667,331440000.0,6.0,127.39
2024,7,22.0,3.0,1.0,39.32833333333333,289223000.0,6.0,105.48
2024,7,214.0,12.0,1.0,39.32833333333333,289223000.0,6.0,171.47
2022,2,170.5,7.0,1.0,66.33666666666666,380070000.0,6.0,97.99
2021,1,52.0,3.0,1.0,42.87166666666667,270220000.0,6.0,178.72
2020,9,57.0,1.0,1.0,28.296666666666667,275243000.0,6.0,154.08
2023,12,170.5,7.0,1.0,26.203333333333333,247671000.0,6.0,149.54
2022,9,561.0,6.0,1.0,42.855,318643000.0,6.0,123.37
2023,6,170.5,7.0,1.0,44.945,320996000.0,6.0,123.45
2023,11,170.5,7.0,1.0,22.915000000000003,229694000.0,6.0,108.78
2020,8,405.5,7.0,2.0,32.69166666666667,294685000.0,6.0,126.81
2022,11,170.5,7.0,1.0,35.45333333333333,290429000.0,6.0,127.3
2023,1,170.5,7.0,1.0,36.13833333333333,284679000.0,6.0,193.39
2020,2,23.0,2.0,1.0,44.46666666666667,320996000.0,6.0,198.85
2020,3,11.0,1.0,1.0,45.97083333333333,763761000.0,12.0,102.71
2021,12,93.0,3.0,1.0,44.43,313786000.0,6.0,127.09
2023,10,170.5,7.0,1.0,24.72666666666667,244436000.0,6.0,134.07
2021,3,401.0,10.0,1.0,69.53833333333334,440241000.0,6.0,101.79
2023,2,22.0,4.0,1.0,39.745,304390000.0,6.0,75.68
2023,11,170.5,7.0,1.0,22.915000000000003,229694000.0,6.0,153.0
2021,7,531.5,51.0,2.0,53.97166666666666,382565000.0,6.0,151.64
2024,1,170.5,7.0,1.0,35.190000000000005,280086000.0,6.0,76.22
2023,6,170.5,7.0,1.0,44.945,320996000.0,6.0,117.75
2023,7,98.5,3.0,2.0,41.435,306447000.0,6.0,106.42
2023,4,170.5,7.0,1.0,46.845,329634000.0,6.0,191.89
2022,4,298.5,51.0,2.0,69.625,417610000.0,6.0,138.04
2021,12,5790.0,539.0,1.0,44.43,313786000.0,6.0,119.22
2020,1,170.5,7.0,1.0,43.28583333333333,750576000.0,12.0,113.23
2020,10,170.5,7.0,1.0,25.903333333333336,258732000.0,6.0,146.64
2022,8,170.5,7.0,1.0,46.225,334604000.0,6.0,14.97
2024,2,2.0,1.0,1.0,44.58833333333333,331522000.0,6.0,47.86
2021,1,7.0,1.0,1.0,42.87166666666667,270220000.0,6.0,129.26
2020,7,170.5,7.0,1.0,38.525,316270000.0,6.0,95.62
2020,2,170.5,7.0,1.0,44.46666666666667,320996000.0,6.0,208.24
2022,2,12.0,1.0,1.0,66.33666666666666,380070000.0,6.0,179.77
2024,4,1290.0,229.0,2.0,49.43333333333334,341213000.0,6.0,96.49
2020,2,15.0,1.0,1.0,44.46666666666667,320996000.0,6.0,176.77
2023,5,170.5,7.0,1.0,46.355,326783000.0,6.0,75.49
2024,1,255.0,88.0,2.0,35.190000000000005,280086000.0,6.0,151.75
2023,12,170.5,7.0,1.0,26.203333333333333,247671000.0,6.0,126.21
2021,2,24.5,8.0,2.0,63.975,381253000.0,6.0,185.5
2022,9,170.5,7.0,1.0,42.855,318643000.0,6.0,74.6
2024,4,1290.0,229.0,2.0,49.43333333333334,341213000.0,6.0,113.52
2021,10,2306.0,77.0,1.0,40.41833333333333,310750000.0,6.0,75.26
2023,3,170.5,7.0,1.0,42.32666666666667,313051000.0,6.0,78.45
2022,5,14.0,4.0,1.0,65.71,400103000.0,6.0,158.73
2020,8,170.5,7.0,1.0,32.69166666666667,294685000.0,6.0,93.95
2020,10,16.0,1.0,1.0,25.903333333333336,258732000.0,6.0,149.41
2023,2,27.0,2.0,1.0,39.745,304390000.0,6.0,198.86
2020,9,170.5,7.0,1.0,28.296666666666667,275243000.0,6.0,179.66
2020,7,211.0,14.0,2.0,38.525,316270000.0,6.0,118.01
2023,6,60474.0,5542.0,1.0,44.945,320996000.0,6.0,51.02
2022,1,170.5,7.0,1.0,52.89333333333334,324869000.0,6.0,181.45
2024,6,42.0,1.0,1.0,44.92,314563000.0,6.0,155.8
2023,10,170.5,7.0,1.0,24.72666666666667,244436000.0,6.0,43.05
2022,4,133.0,1.0,1.0,69.625,417610000.0,6.0,107.75
2022,6,279.0,7.0,2.0,59.61666666666667,373647000.0,6.0,124.79
2023,4,65.0,2.0,1.0,46.845,329634000.0,6.0,56.75
2023,1,1449.0,174.0,2.0,36.13833333333333,284679000.0,6.0,112.67
2022,1,170.5,7.0,1.0,52.89333333333334,324869000.0,6.0,81.58
2021,4,170.5,7.0,1.0,71.15166666666666,454646000.0,6.0,217.05
2024,7,170.5,7.0,1.0,39.32833333333333,289223000.0,6.0,179.2
2020,3,170.5,7.0,1.0,45.97083333333333,763761000.0,12.0,85.89
2024,7,170.5,7.0,1.0,39.32833333333333,289223000.0,6.0,190.09
2024,4,19.0,1.0,1.0,49.43333333333334,341213000.0,6.0,54.42
2020,3,10.0,1.0,1.0,45.97083333333333,763761000.0,12.0,162.25
2022,6,35.0,1.0,1.0,59.61666666666667,373647000.0,6.0,179.01
2023,2,219.33333333333331,10.0,3.0,39.745,304390000.0,6.0,209.78
2022,6,13678.0,1090.0,1.0,59.61666666666667,373647000.0,6.0,77.92
2021,12,10.333333333333334,4.0,3.0,44.43,313786000.0,6.0,149.93
2020,7,170.5,7.0,1.0,38.525,316270000.0,6.0,160.99
2022,10,722.5,21.0,2.0,40.355,303945000.0,6.0,101.7
2021,1,170.5,7.0,1.0,42.87166666666667,270220000.0,6.0,130.35
2024,4,499.0,34.0,1.0,49.43333333333334,341213000.0,6.0,113.14
2023,12,360.0,42.0,1.0,26.203333333333333,247671000.0,6.0,166.3
2022,4,6.0,1.0,1.0,69.625,417610000.0,6.0,172.33
2023,12,834.0,2.0,1.0,26.203333333333333,247671000.0,6.0,70.6
2024,8,88.0,6.0,1.0,32.655,257371000.0,6.0,140.79
2021,7,711.5,99.0,2.0,53.97166666666666,382565000.0,6.0,219.59
2023,12,47.5,4.0,2.0,26.203333333333333,247671000.0,6.0,117.94
2022,11,170.5,7.0,1.0,35.45333333333333,290429000.0,6.0,128.49
2023,10,170.5,7.0,1.0,24.72666666666667,244436000.0,6.0,86.1
2024,6,1942.5,15.0,2.0,44.92,314563000.0,6.0,95.82
2022,5,926.0,38.0,1.0,65.71,400103000.0,6.0,38.19
2024,6,170.5,7.0,1.0,44.92,314563000.0,6.0,187.68
2023,5,170.5,7.0,1.0,46.355,326783000.0,6.0,145.41
2023,2,601.0,5.0,1.0,39.745,304390000.0,6.0,119.49
2023,10,170.5,7.0,1.0,24.72666666666667,244436000.0,6.0,185.6
2024,2,322.0,99.0,2.0,44.58833333333333,331522000.0,6.0,151.77
2022,12,2.0,2.0,1.0,36.53833333333333,288391000.0,6.0,158.04
2022,3,170.5,7.0,1.0,71.255,424798000.0,6.0,146.17
2021,3,8.0,1.0,1.0,69.53833333333334,440241000.0,6.0,107.63
2023,1,30.0,1.0,1.0,36.13833333333333,284679000.0,6.0,101.27
2022,2,170.5,7.0,1.0,66.33666666666666,380070000.0,6.0,117.66
2022,5,170.5,7.0,1.0,65.71,400103000.0,6.0,138.14
2024,4,1211.0,109.0,1.0,49.43333333333334,341213000.0,6.0,106.9
2020,12,318.0,17.0,1.0,33.15833333333333,251570000.0,6.0,166.43
2022,8,170.5,7.0,1.0,46.225,334604000.0,6.0,149.3
2023,3,170.5,7.0,1.0,42.32666666666667,313051000.0,6.0,124.02
2020,7,54.0,1.0,1.0,38.525,316270000.0,6.0,139.87
2020,12,6.0,1.0,1.0,33.15833333333333,251570000.0,6.0,158.63
2024,3,170.5,7.0,1.0,49.19499999999999,340131000.0,6.0,89.15
2023,4,61.0,2.0,1.0,46.845,329634000.0,6.0,159.5
2021,2,3.0,1.0,1.0,63.975,381253000.0,6.0,41.32
2021,2,24.5,8.0,2.0,63.975,381253000.0,6.0,70.01
2022,6,170.5,7.0,1.0,59.61666666666667,373647000.0,6.0,84.24
2020,7,170.5,7.0,1.0,38.525,316270000.0,6.0,146.06
2024,5,1642.0,226.0,1.0,47.67666666666667,331440000.0,6.0,125.66
2023,11,170.5,7.0,1.0,22.915000000000003,229694000.0,6.0,124.71
2021,2,2.0,1.0,1.0,63.975,381253000.0,6.0,62.06
2021,3,170.5,7.0,1.0,69.53833333333334,440241000.0,6.0,79.64
2022,1,170.5,7.0,1.0,52.89333333333334,324869000.0,6.0,178.41
2023,2,27.0,2.0,1.0,39.745,304390000.0,6.0,105.45
2022,1,170.5,7.0,1.0,52.89333333333334,324869000.0,6.0,115.71
2022,6,443.0,6.0,1.0,59.61666666666667,373647000.0,6.0,77.86
2023,9,36.0,7.0,2.0,29.215,272137000.0,6.0,95.9
2022,10,198.0,1.0,1.0,40.355,303945000.0,6.0,95.11
2021,3,668.0,122.0,1.0,69.53833333333334,440241000.0,6.0,86.25
2021,11,170.5,7.0,1.0,36.111666666666665,299884000.0,6.0,151.06
2020,10,406.5,50.0,2.0,25.903333333333336,258732000.0,6.0,159.4
2023,11,170.5,7.0,1.0,22.915000000000003,229694000.0,6.0,185.82
2020,8,8100.0,568.0,2.0,32.69166666666667,294685000.0,6.0,121.53
2023,8,170.5,7.0,1.0,35.550000000000004,289801000.0,6.0,156.93
2020,11,145.66666666666666,24.0,3.0,24.118333333333336,243861000.0,6.0,60.51
2022,1,83.0,11.0,2.0,52.89333333333334,324869000.0,6.0,148.8
2021,2,707.0,4.0,1.0,63.975,381253000.0,6.0,173.13
2021,1,420.5,49.0,2.0,42.87166666666667,270220000.0,6.0,76.04
2020,10,500.0,2.0,1.0,25.903333333333336,258732000.0,6.0,135.02
2022,3,170.5,7.0,1.0,71.255,424798000.0,6.0,124.73
2024,2,499.0,58.0,1.0,44.58833333333333,331522000.0,6.0,132.87
2021,6,421.0,34.0,1.0,61.6,415893000.0,6.0,172.07
2023,4,170.5,7.0,1.0,46.845,329634000.0,6.0,184.98
2021,10,170.5,7.0,1.0,40.41833333333333,310750000.0,6.0,134.1
2022,4,1719.0,139.0,1.0,69.625,417610000.0,6.0,184.48
2021,5,170.5,7.0,1.0,67.79166666666667,440658000.0,6.0,115.12
2024,8,2959.0,235.0,1.0,32.655,257371000.0,6.0,180.14
2021,6,278.0,7.0,1.0,61.6,415893000.0,6.0,140.95
2023,1,170.5,7.0,1.0,36.13833333333333,284679000.0,6.0,213.02
2020,11,170.5,7.0,1.0,24.118333333333336,243861000.0,6.0,109.16
2024,5,170.5,7.0,1.0,47.67666666666667,331440000.0,6.0,76.72
2021,2,98.0,5.0,1.0,63.975,381253000.0,6.0,177.97
2024,1,22.0,2.0,2.0,35.190000000000005,280086000.0,6.0,136.3
2023,12,170.5,7.0,1.0,26.203333333333333,247671000.0,6.0,128.49
2022,10,170.5,7.0,1.0,40.355,303945000.0,6.0,117.57
2023,9,36.0,7.0,2.0,29.215,272137000.0,6.0,184.14
2021,4,170.5,7.0,1.0,71.15166666666666,454646000.0,6.0,91.78
2022,2,9.0,1.0,1.0,66.33666666666666,380070000.0,6.0,138.29
2024,5,40.0,9.0,3.0,47.67666666666667,331440000.0,6.0,87.71
2023,11,13.0,1.0,1.0,22.915000000000003,229694000.0,6.0,99.32
2023,2,219.33333333333331,10.0,3.0,39.745,304390000.0,6.0,173.3
2023,11,170.5,7.0,1.0,22.915000000000003,229694000.0,6.0,203.28
2023,8,3491.0,338.0,1.0,35.550000000000004,289801000.0,6.0,128.83
2020,2,170.5,7.0,1.0,44.46666666666667,320996000.0,6.0,131.46
2022,12,21.0,1.0,1.0,36.53833333333333,288391000.0,6.0,109.97
2021,4,1461.5,10.0,2.0,71.15166666666666,454646000.0,6.0,154.44
2021,12,170.5,7.0,1.0,44.43,313786000.0,6.0,115.31
2022,3,1516.0,9.0,2.0,71.255,424798000.0,6.0,63.63
2024,6,42.0,1.0,1.0,44.92,314563000.0,6.0,142.05
2020,12,170.5,7.0,1.0,33.15833333333333,251570000.0,6.0,226.76
2020,2,15.0,1.0,1.0,44.46666666666667,320996000.0,6.0,95.77
2023,6,170.5,7.0,1.0,44.945,320996000.0,6.0,85.18
2023,6,12139.0,2582.0,2.0,44.945,320996000.0,6.0,285.14
2022,12,170.5,7.0,1.0,36.53833333333333,288391000.0,6.0,183.29
2023,8,227.5,4.0,2.0,35.550000000000004,289801000.0,6.0,75.34
2024,5,27.0,1.0,1.0,47.67666666666667,331440000.0,6.0,208.33
2020,10,79.0,2.0,2.0,25.903333333333336,258732000.0,6.0,141.82
2024,8,377.0,12.0,1.0,32.655,257371000.0,6.0,117.0
2024,1,170.5,7.0,1.0,35.190000000000005,280086000.0,6.0,95.68
2020,11,170.5,7.0,1.0,24.118333333333336,243861000.0,6.0,53.87
2023,8,31.0,5.0,1.0,35.550000000000004,289801000.0,6.0,69.55
2022,5,170.5,7.0,1.0,65.71,400103000.0,6.0,207.06
2022,5,170.5,7.0,1.0,65.71,400103000.0,6.0,108.81
2021,2,170.5,7.0,1.0,63.975,381253000.0,6.0,120.99
2023,1,2718.0,149.0,1.0,36.13833333333333,284679000.0,6.0,125.45
2023,4,170.5,7.0,1.0,46.845,329634000.0,6.0,172.63
2021,2,170.5,7.0,1.0,63.975,381253000.0,6.0,185.08
2024,7,170.5,7.0,1.0,39.32833333333333,289223000.0,6.0,153.46
2020,3,170.5,7.0,1.0,45.97083333333333,763761000.0,12.0,138.4
2022,6,1771.0,210.0,1.0,59.61666666666667,373647000.0,6.0,66.84
2020,6,415.0,16.0,1.0,43.65833333333334,337939000.0,6.0,159.66
2022,10,170.5,7.0,1.0,40.355,303945000.0,6.0,115.63
2024,6,170.5,7.0,1.0,44.92,314563000.0,6.0,64.48
2021,7,170.5,7.0,1.0,53.97166666666666,382565000.0,6.0,98.2
2023,4,170.5,7.0,1.0,46.845,329634000.0,6.0,117.85
2021,4,626.0,50.0,1.0,71.15166666666666,454646000.0,6.0,149.83
2023,5,170.5,7.0,1.0,46.355,326783000.0,6.0,116.58
2021,5,170.5,7.0,1.0,67.79166666666667,440658000.0,6.0,103.43
2020,9,170.5,7.0,1.0,28.296666666666667,275243000.0,6.0,119.89
2022,3,170.5,7.0,1.0,71.255,424798000.0,6.0,124.08
2021,8,170.5,7.0,1.0,48.65833333333333,348099000.0,6.0,81.31
2024,3,170.5,7.0,1.0,49.19499999999999,340131000.0,6.0,129.56
2021,11,170.5,7.0,1.0,36.111666666666665,299884000.0,6.0,79.98
2021,6,31991.0,4357.0,2.0,61.6,415893000.0,6.0,144.44
2023,2,311.6666666666667,62.0,3.0,39.745,304390000.0,6.0,137.75
2022,4,1559.0,32.0,1.0,69.625,417610000.0,6.0,234.21
2021,6,170.5,7.0,1.0,61.6,415893000.0,6.0,105.87
2022,11,1025.0,57.0,1.0,35.45333333333333,290429000.0,6.0,175.47
2024,1,170.5,7.0,1.0,35.190000000000005,280086000.0,6.0,116.0
2024,4,170.5,7.0,1.0,49.43333333333334,341213000.0,6.0,85.38
2021,3,317.5,70.0,2.0,69.53833333333334,440241000.0,6.0,164.95
2020,1,170.5,7.0,1.0,43.28583333333333,750576000.0,12.0,126.42
2023,1,170.5,7.0,1.0,36.13833333333333,284679000.0,6.0,147.56
2021,1,46.0,1.0,1.0,42.87166666666667,270220000.0,6.0,94.74
2020,7,552.0,16.0,2.0,38.525,316270000.0,6.0,161.57
2021,8,1830.5,306.0,2.0,48.65833333333333,348099000.0,6.0,74.67
2022,7,88.0,1.0,1.0,52.675,353454000.0,6.0,111.03
2020,4,170.5,7.0,1.0,47.95166666666666,372131000.0,6.0,127.18
2022,8,51.0,3.0,2.0,46.225,334604000.0,6.0,151.81
2023,11,72.0,13.0,2.0,22.915000000000003,229694000.0,6.0,76.93
2021,12,93.0,3.0,1.0,44.43,313786000.0,6.0,106.1
2024,4,3494.5,117.0,2.0,49.43333333333334,341213000.0,6.0,109.76
2022,5,170.5,7.0,1.0,65.71,400103000.0,6.0,192.37
2022,11,263.0,1.0,1.0,35.45333333333333,290429000.0,6.0,138.88
2021,4,170.5,7.0,1.0,71.15166666666666,454646000.0,6.0,89.12
2024,4,212.5,23.0,2.0,49.43333333333334,341213000.0,6.0,75.77
2023,6,170.5,7.0,1.0,44.945,320996000.0,6.0,68.46
2024,7,170.5,7.0,1.0,39.32833333333333,289223000.0,6.0,88.52
2024,6,1942.5,15.0,2.0,44.92,314563000.0,6.0,114.3
2022,7,3191.5,6.0,2.0,52.675,353454000.0,6.0,158.87
2024,1,255.0,88.0,2.0,35.190000000000005,280086000.0,6.0,179.54
2024,1,69.0,6.0,1.0,35.190000000000005,280086000.0,6.0,109.66
2021,4,170.5,7.0,1.0,71.15166666666666,454646000.0,6.0,87.05
2020,10,1979.0,195.0,2.0,25.903333333333336,258732000.0,6.0,198.66
2020,7,170.5,7.0,1.0,38.525,316270000.0,6.0,134.62
2020,6,415.0,16.0,1.0,43.65833333333334,337939000.0,6.0,117.69
2023,11,1185.5,5.0,2.0,22.915000000000003,229694000.0,6.0,85.61
2021,10,170.5,7.0,1.0,40.41833333333333,310750000.0,6.0,128.01
2024,3,170.5,7.0,1.0,49.19499999999999,340131000.0,6.0,116.71
2021,4,170.0,1.0,1.0,71.15166666666666,454646000.0,6.0,27.33
2020,2,170.5,7.0,1.0,44.46666666666667,320996000.0,6.0,65.95
2022,10,170.5,7.0,1.0,40.355,303945000.0,6.0,171.68
2024,5,170.5,7.0,1.0,47.67666666666667,331440000.0,6.0,155.92
2021,12,2786.5,331.0,2.0,44.43,313786000.0,6.0,182.0
2023,10,612.0,1.0,1.0,24.72666666666667,244436000.0,6.0,117.96
2022,3,123.0,2.0,1.0,71.255,424798000.0,6.0,73.96
2021,12,170.5,7.0,1.0,44.43,313786000.0,6.0,97.15
2020,2,60.0,5.0,2.0,44.46666666666667,320996000.0,6.0,120.13
2024,8,15.0,2.0,1.0,32.655,257371000.0,6.0,112.45
2022,4,9.0,2.0,2.0,69.625,417610000.0,6.0,153.29
2024,6,1942.5,15.0,2.0,44.92,314563000.0,6.0,126.56
2024,6,6.0,1.0,1.0,44.92,314563000.0,6.0,141.5
2021,4,170.5,7.0,1.0,71.15166666666666,454646000.0,6.0,102.14
2021,4,209.0,6.0,3.0,71.15166666666666,454646000.0,6.0,136.71
2021,2,707.0,4.0,1.0,63.975,381253000.0,6.0,159.25
2024,3,47.0,4.0,2.0,49.19499999999999,340131000.0,6.0,88.64
2024,5,170.5,7.0,1.0,47.67666666666667,331440000.0,6.0,81.5
2022,10,6053.0,1.0,1.0,40.355,303945000.0,6.0,208.83
2022,12,2.0,1.0,1.0,36.53833333333333,288391000.0,6.0,120.38
2020,8,170.5,7.0,1.0,32.69166666666667,294685000.0,6.0,96.17
2024,3,170.5,7.0,1.0,49.19499999999999,340131000.0,6.0,145.22
2020,11,15701.5,3513.0,2.0,24.118333333333336,243861000.0,6.0,210.38
2023,12,170.5,7.0,1.0,26.203333333333333,247671000.0,6.0,107.53
2020,8,8100.0,568.0,2.0,32.69166666666667,294685000.0,6.0,101.56
2022,1,170.5,7.0,1.0,52.89333333333334,324869000.0,6.0,41.52
2021,6,170.5,7.0,1.0,61.6,415893000.0,6.0,132.39
2020,7,20.0,1.0,1.0,38.525,316270000.0,6.0,190.78
2021,6,170.5,7.0,1.0,61.6,415893000.0,6.0,155.69
2024,2,170.5,7.0,1.0,44.58833333333333,331522000.0,6.0,95.27
2024,3,552.0,81.0,1.0,49.19499999999999,340131000.0,6.0,94.13
2024,2,170.5,7.0,1.0,44.58833333333333,331522000.0,6.0,119.9
2020,11,15701.5,3513.0,2.0,24.118333333333336,243861000.0,6.0,121.86
2021,11,145.0,13.0,1.0,36.111666666666665,299884000.0,6.0,172.42
2021,1,251.5,40.0,2.0,42.87166666666667,270220000.0,6.0,133.63
2020,1,130.0,8.0,1.0,43.28583333333333,750576000.0,12.0,142.07
2023,2,182.0,18.0,1.0,39.745,304390000.0,6.0,146.15
2023,3,170.5,7.0,1.0,42.32666666666667,313051000.0,6.0,126.53
2021,6,170.5,7.0,1.0,61.6,415893000.0,6.0,213.12
2023,3,112.0,1.0,1.0,42.32666666666667,313051000.0,6.0,146.76
2022,11,69.0,9.0,1.0,35.45333333333333,290429000.0,6.0,121.73
2024,7,170.5,7.0,1.0,39.32833333333333,289223000.0,6.0,73.61
2021,11,170.5,7.0,1.0,36.111666666666665,299884000.0,6.0,134.38
2024,5,170.5,7.0,1.0,47.67666666666667,331440000.0,6.0,186.02
2020,6,420.6666666666667,5.0,3.0,43.65833333333334,337939000.0,6.0,144.12
2023,6,111.0,6.0,1.0,44.945,320996000.0,6.0,169.1
2021,12,170.5,7.0,1.0,44.43,313786000.0,6.0,144.37
2024,7,170.5,7.0,1.0,39.32833333333333,289223000.0,6.0,131.91
2024,7,170.5,7.0,1.0,39.32833333333333,289223000.0,6.0,108.08
2023,9,170.5,7.0,1.0,29.215,272137000.0,6.0,127.1
2022,8,170.5,7.0,1.0,46.225,334604000.0,6.0,140.83
2024,9,101.0,6.0,1.0,25.81833333333333,233360000.0,6.0,48.73
2022,4,22.0,6.0,1.0,69.625,417610000.0,6.0,147.76
2021,1,103.0,12.0,1.0,42.87166666666667,270220000.0,6.0,146.96
2024,6,170.5,7.0,1.0,44.92,314563000.0,6.0,106.13
2020,12,274.5,35.0,2.0,33.15833333333333,251570000.0,6.0,89.61
2022,4,107.0,20.0,1.0,69.625,417610000.0,6.0,114.07
2024,8,156.75,12.0,4.0,32.655,257371000.0,6.0,100.32
2021,4,170.5,7.0,1.0,71.15166666666666,454646000.0,6.0,107.64
2023,10,170.5,7.0,1.0,24.72666666666667,244436000.0,6.0,98.98
2023,9,184.0,1.0,1.0,29.215,272137000.0,6.0,140.77
2020,11,170.5,7.0,1.0,24.118333333333336,243861000.0,6.0,200.48
2022,4,170.5,7.0,1.0,69.625,417610000.0,6.0,137.01
2020,6,133.0,1.0,1.0,43.65833333333334,337939000.0,6.0,145.42
2021,6,170.5,7.0,1.0,61.6,415893000.0,6.0,90.14
2023,11,686.0,79.0,1.0,22.915000000000003,229694000.0,6.0,36.15
2020,1,35.5,5.0,2.0,43.28583333333333,750576000.0,12.0,165.4
2023,1,324.0,17.0,2.0,36.13833333333333,284679000.0,6.0,133.53
2023,6,690.0,92.0,1.0,44.945,320996000.0,6.0,199.59
2023,10,170.5,7.0,1.0,24.72666666666667,244436000.0,6.0,144.2
2023,6,198.66666666666663,38.0,3.0,44.945,320996000.0,6.0,141.83
2022,12,8.0,1.0,1.0,36.53833333333333,288391000.0,6.0,69.38
2023,5,18.0,2.0,1.0,46.355,326783000.0,6.0,140.63
2021,3,1457.0,56.0,1.0,69.53833333333334,440241000.0,6.0,144.73
2024,2,170.5,7.0,1.0,44.58833333333333,331522000.0,6.0,141.5
2024,2,170.5,7.0,1.0,44.58833333333333,331522000.0,6.0,64.14
2021,4,18.0,1.0,1.0,71.15166666666666,454646000.0,6.0,106.44
2022,11,170.5,7.0,1.0,35.45333333333333,290429000.0,6.0,161.59
2023,4,57.0,4.0,1.0,46.845,329634000.0,6.0,178.73
2020,7,170.5,7.0,1.0,38.525,316270000.0,6.0,134.3
2021,6,29.0,2.0,2.0,61.6,415893000.0,6.0,136.79
2023,8,170.5,7.0,1.0,35.550000000000004,289801000.0,6.0,140.03
2022,4,22.0,6.0,1.0,69.625,417610000.0,6.0,123.06
2022,12,170.5,7.0,1.0,36.53833333333333,288391000.0,6.0,46.94
2024,4,1188.3333333333333,305.0,3.0,49.43333333333334,341213000.0,6.0,77.7
2021,3,282.5,76.0,2.0,69.53833333333334,440241000.0,6.0,49.93
2023,2,22.0,4.0,1.0,39.745,304390000.0,6.0,112.1
2021,2,1758.0,55.0,1.0,63.975,381253000.0,6.0,95.25
2021,5,170.5,7.0,1.0,67.79166666666667,440658000.0,6.0,193.69
2024,2,170.5,7.0,1.0,44.58833333333333,331522000.0,6.0,81.79
2020,7,1655.0,16.0,1.0,38.525,316270000.0,6.0,136.31
2021,5,16507.0,2367.0,2.0,67.79166666666667,440658000.0,6.0,76.17
2022,7,3.0,1.0,1.0,52.675,353454000.0,6.0,118.72
2024,1,7434.666666666667,1997.0,3.0,35.190000000000005,280086000.0,6.0,227.34
2021,7,49803.0,5651.0,1.0,53.97166666666666,382565000.0,6.0,189.65
2020,5,170.5,7.0,1.0,46.24333333333334,353544000.0,6.0,126.31
2020,10,170.5,7.0,1.0,25.903333333333336,258732000.0,6.0,71.21
2024,5,2785.0,5.0,1.0,47.67666666666667,331440000.0,6.0,184.91
2024,8,41.0,2.0,1.0,32.655,257371000.0,6.0,92.35
2024,7,7.5,2.0,2.0,39.32833333333333,289223000.0,6.0,211.81
2020,1,35.0,2.0,1.0,43.28583333333333,750576000.0,12.0,178.84
2024,6,125.0,4.0,1.0,44.92,314563000.0,6.0,108.34
2022,8,170.5,7.0,1.0,46.225,334604000.0,6.0,117.51
2023,4,53.0,1.0,1.0,46.845,329634000.0,6.0,115.56
2021,9,4549.0,704.0,2.0,44.46666666666667,328160000.0,6.0,98.82
2023,6,39.0,5.0,1.0,44.945,320996000.0,6.0,131.87
2021,3,51.0,1.0,1.0,69.53833333333334,440241000.0,6.0,196.58
2024,2,170.5,7.0,1.0,44.58833333333333,331522000.0,6.0,1.0
2024,6,1942.5,15.0,2.0,44.92,314563000.0,6.0,79.1
2023,2,601.0,5.0,1.0,39.745,304390000.0,6.0,98.8
2023,5,18.0,2.0,1.0,46.355,326783000.0,6.0,90.31
2023,10,383.0,9.0,1.0,24.72666666666667,244436000.0,6.0,94.42
2023,8,170.5,7.0,1.0,35.550000000000004,289801000.0,6.0,120.66
2023,9,107.0,10.0,1.0,29.215,272137000.0,6.0,108.61
2022,4,1559.0,32.0,1.0,69.625,417610000.0,6.0,195.73
2023,12,170.5,7.0,1.0,26.203333333333333,247671000.0,6.0,148.08
2022,11,170.5,7.0,1.0,35.45333333333333,290429000.0,6.0,154.62
2020,1,170.5,7.0,1.0,43.28583333333333,750576000.0,12.0,162.87
2022,1,58.0,1.0,1.0,52.89333333333334,324869000.0,6.0,99.66
2023,6,1.0,1.0,1.0,44.945,320996000.0,6.0,123.2
2022,6,13678.0,1090.0,1.0,59.61666666666667,373647000.0,6.0,209.06
2024,2,170.5,7.0,1.0,44.58833333333333,331522000.0,6.0,243.19
2022,7,170.5,7.0,1.0,52.675,353454000.0,6.0,116.8
2021,11,170.5,7.0,1.0,36.111666666666665,299884000.0,6.0,84.63
2022,3,170.5,7.0,1.0,71.255,424798000.0,6.0,1.0
2022,10,146.0,3.0,1.0,40.355,303945000.0,6.0,97.83
2020,2,15.0,1.0,1.0,44.46666666666667,320996000.0,6.0,120.35
2023,7,1335.6666666666667,206.0,3.0,41.435,306447000.0,6.0,90.84
2021,7,170.5,7.0,1.0,53.97166666666666,382565000.0,6.0,121.13
2022,3,72.0,9.0,2.0,71.255,424798000.0,6.0,188.37
2021,2,98.0,5.0,1.0,63.975,381253000.0,6.0,131.28
2021,2,98.0,5.0,1.0,63.975,381253000.0,6.0,36.11
2022,10,133.0,11.0,3.0,40.355,303945000.0,6.0,89.27
2020,9,170.5,7.0,1.0,28.296666666666667,275243000.0,6.0,161.95
2021,6,63.0,1.0,1.0,61.6,415893000.0,6.0,133.54
2024,6,170.5,7.0,1.0,44.92,314563000.0,6.0,153.51
2023,1,170.5,7.0,1.0,36.13833333333333,284679000.0,6.0,199.88
2024,3,170.5,7.0,1.0,49.19499999999999,340131000.0,6.0,171.29
2021,4,1461.5,10.0,2.0,71.15166666666666,454646000.0,6.0,151.1
2022,3,170.5,7.0,1.0,71.255,424798000.0,6.0,81.68
2024,1,27.0,6.0,2.0,35.190000000000005,280086000.0,6.0,186.27
2023,12,170.5,7.0,1.0,26.203333333333333,247671000.0,6.0,144.59
2023,4,61.0,2.0,1.0,46.845,329634000.0,6.0,138.54
2022,5,663.0,40.0,2.0,65.71,400103000.0,6.0,126.04
2023,2,170.5,7.0,1.0,39.745,304390000.0,6.0,118.66
2022,8,51.0,3.0,2.0,46.225,334604000.0,6.0,101.95
2022,4,3.0,1.0,1.0,69.625,417610000.0,6.0,122.78
2023,7,5729.5,491.0,2.0,41.435,306447000.0,6.0,91.93
2023,6,586.0,41.0,5.0,44.945,320996000.0,6.0,183.41
2020,11,27.0,1.0,1.0,24.118333333333336,243861000.0,6.0,183.12
2020,9,99.0,2.0,2.0,28.296666666666667,275243000.0,6.0,160.36
2022,12,170.5,7.0,1.0,36.53833333333333,288391000.0,6.0,142.46
2020,8,2580.333333333333,571.0,3.0,32.69166666666667,294685000.0,6.0,146.76
2021,2,3.0,1.0,1.0,63.975,381253000.0,6.0,105.8
2020,6,420.6666666666667,5.0,3.0,43.65833333333334,337939000.0,6.0,92.74
2022,11,69.0,9.0,1.0,35.45333333333333,290429000.0,6.0,55.73
2024,3,13.0,2.0,1.0,49.19499999999999,340131000.0,6.0,177.7
2022,10,170.5,7.0,1.0,40.355,303945000.0,6.0,162.05
2023,4,23.0,2.0,1.0,46.845,329634000.0,6.0,119.49
2023,4,5.0,1.0,1.0,46.845,329634000.0,6.0,114.9
2022,11,170.5,7.0,1.0,35.45333333333333,290429000.0,6.0,142.01
2024,6,77.0,6.0,1.0,44.92,314563000.0,6.0,219.45
2021,3,170.5,7.0,1.0,69.53833333333334,440241000.0,6.0,141.98
2022,5,926.0,38.0,1.0,65.71,400103000.0,6.0,212.63
2023,9,5010.333333333333,1770.0,3.0,29.215,272137000.0,6.0,88.44
2023,4,170.5,7.0,1.0,46.845,329634000.0,6.0,165.16
2024,5,86.0,7.0,1.0,47.67666666666667,331440000.0,6.0,121.57
2023,12,321.0,47.0,2.0,26.203333333333333,247671000.0,6.0,65.58
2020,3,170.5,7.0,1.0,45.97083333333333,763761000.0,12.0,152.7
2021,6,170.5,7.0,1.0,61.6,415893000.0,6.0,95.57
2020,8,1555.0,155.0,1.0,32.69166666666667,294685000.0,6.0,80.96
2024,5,42.5,3.0,2.0,47.67666666666667,331440000.0,6.0,146.12
2024,2,101.0,8.0,1.0,44.58833333333333,331522000.0,6.0,220.87
2021,3,170.5,7.0,1.0,69.53833333333334,440241000.0,6.0,131.98
2023,12,170.5,7.0,1.0,26.203333333333333,247671000.0,6.0,180.62
2022,2,525.5,10.0,2.0,66.33666666666666,380070000.0,6.0,168.21
2021,9,1856.0,241.0,2.0,44.46666666666667,328160000.0,6.0,150.08
2020,11,170.5,7.0,1.0,24.118333333333336,243861000.0,6.0,172.63
2022,1,3385.0,925.0,3.0,52.89333333333334,324869000.0,6.0,110.93
2020,11,357.0,37.0,1.0,24.118333333333336,243861000.0,6.0,90.12
2022,11,8.0,1.0,1.0,35.45333333333333,290429000.0,6.0,137.87
2020,5,122.0,1.0,1.0,46.24333333333334,353544000.0,6.0,93.86
2023,6,690.0,92.0,1.0,44.945,320996000.0,6.0,39.14
2024,8,45.0,1.0,1.0,32.655,257371000.0,6.0,76.75
2020,12,170.5,7.0,1.0,33.15833333333333,251570000.0,6.0,132.34
2020,10,14.0,1.0,1.0,25.903333333333336,258732000.0,6.0,165.76
2023,12,170.5,7.0,1.0,26.203333333333333,247671000.0,6.0,78.39
2021,9,170.5,7.0,1.0,44.46666666666667,328160000.0,6.0,134.32
2022,1,3385.0,925.0,3.0,52.89333333333334,324869000.0,6.0,110.83
2022,3,170.5,7.0,1.0,71.255,424798000.0,6.0,88.61
2023,12,18.0,1.0,1.0,26.203333333333333,247671000.0,6.0,81.51
2023,8,423.0,1.0,1.0,35.550000000000004,289801000.0,6.0,113.01
2020,1,170.5,7.0,1.0,43.28583333333333,750576000.0,12.0,139.64
2022,4,21.0,9.0,1.0,69.625,417610000.0,6.0,155.74
2020,2,305.0,6.0,1.0,44.46666666666667,320996000.0,6.0,60.32
2021,6,170.5,7.0,1.0,61.6,415893000.0,6.0,119.39
2021,3,170.5,7.0,1.0,69.53833333333334,440241000.0,6.0,108.1
2020,1,499.0,13.0,1.0,43.28583333333333,750576000.0,12.0,119.83
2023,11,170.5,7.0,1.0,22.915000000000003,229694000.0,6.0,139.52
2024,7,30.0,1.0,1.0,39.32833333333333,289223000.0,6.0,114.82
2022,7,88.0,1.0,1.0,52.675,353454000.0,6.0,122.1
2022,2,170.5,7.0,1.0,66.33666666666666,380070000.0,6.0,67.57
2022,6,170.5,7.0,1.0,59.61666666666667,373647000.0,6.0,164.61
2024,6,170.5,7.0,1.0,44.92,314563000.0,6.0,190.93
2022,5,170.5,7.0,1.0,65.71,400103000.0,6.0,148.36
2024,1,27.0,6.0,2.0,35.190000000000005,280086000.0,6.0,209.89
2022,6,170.5,7.0,1.0,59.61666666666667,373647000.0,6.0,139.24
2023,4,170.5,7.0,1.0,46.845,329634000.0,6.0,199.99
2023,3,1606.0,7.0,1.0,42.32666666666667,313051000.0,6.0,56.13
2020,6,170.5,7.0,1.0,43.65833333333334,337939000.0,6.0,106.6
2022,9,170.5,7.0,1.0,42.855,318643000.0,6.0,157.89
2021,9,170.5,7.0,1.0,44.46666666666667,328160000.0,6.0,172.61
2021,2,37.5,7.0,2.0,63.975,381253000.0,6.0,208.35
2021,1,170.5,7.0,1.0,42.87166666666667,270220000.0,6.0,43.23
2024,7,1111.0,4.0,1.0,39.32833333333333,289223000.0,6.0,121.41
2023,2,311.6666666666667,62.0,3.0,39.745,304390000.0,6.0,77.94
2023,2,27.0,2.0,1.0,39.745,304390000.0,6.0,160.85
2023,1,170.5,7.0,1.0,36.13833333333333,284679000.0,6.0,97.76
2023,1,170.5,7.0,1.0,36.13833333333333,284679000.0,6.0,121.42
2023,9,170.5,7.0,1.0,29.215,272137000.0,6.0,176.12
2023,4,178.0,3.0,2.0,46.845,329634000.0,6.0,163.37
2021,11,31.0,2.0,1.0,36.111666666666665,299884000.0,6.0,126.83
2023,3,51.5,9.0,2.0,42.32666666666667,313051000.0,6.0,77.89
2023,10,171.0,20.0,2.0,24.72666666666667,244436000.0,6.0,184.26
2021,2,24.5,8.0,2.0,63.975,381253000.0,6.0,149.63
2024,8,377.0,12.0,1.0,32.655,257371000.0,6.0,127.12
2021,1,170.5,7.0,1.0,42.87166666666667,270220000.0,6.0,169.57
2023,12,170.5,7.0,1.0,26.203333333333333,247671000.0,6.0,156.85
2021,3,8.0,1.0,1.0,69.53833333333334,440241000.0,6.0,140.05
2022,9,113.5,3.0,2.0,42.855,318643000.0,6.0,128.18
2023,8,170.5,7.0,1.0,35.550000000000004,289801000.0,6.0,144.92
2023,1,1154.0,72.0,1.0,36.13833333333333,284679000.0,6.0,205.27
2022,9,170.5,7.0,1.0,42.855,318643000.0,6.0,181.3
2020,1,26.0,4.0,1.0,43.28583333333333,750576000.0,12.0,145.05
2022,11,170.5,7.0,1.0,35.45333333333333,290429000.0,6.0,92.36
2021,2,88.0,9.0,1.0,63.975,381253000.0,6.0,109.5
2021,3,170.5,7.0,1.0,69.53833333333334,440241000.0,6.0,167.37
2020,12,170.5,7.0,1.0,33.15833333333333,251570000.0,6.0,97.99
2024,9,6.0,2.0,1.0,25.81833333333333,233360000.0,6.0,128.39
2022,2,18.0,1.0,1.0,66.33666666666666,380070000.0,6.0,98.42
2022,3,1346.0,87.0,1.0,71.255,424798000.0,6.0,150.47
2020,1,170.5,7.0,1.0,43.28583333333333,750576000.0,12.0,124.6
2023,1,389.0,35.0,1.0,36.13833333333333,284679000.0,6.0,202.91
2022,12,2.0,2.0,1.0,36.53833333333333,288391000.0,6.0,144.41
2023,5,22.0,1.0,1.0,46.355,326783000.0,6.0,187.12
2023,11,170.5,7.0,1.0,22.915000000000003,229694000.0,6.0,135.78
2023,12,649.0,10.0,1.0,26.203333333333333,247671000.0,6.0,115.02
2021,11,145.0,13.0,1.0,36.111666666666665,299884000.0,6.0,219.28
2023,10,2240.0,106.0,1.0,24.72666666666667,244436000.0,6.0,139.84
2022,9,170.5,7.0,1.0,42.855,318643000.0,6.0,121.51
2022,5,135.0,13.0,1.0,65.71,400103000.0,6.0,112.29
2024,9,170.5,7.0,1.0,25.81833333333333,233360000.0,6.0,180.05
2022,4,1856.0,192.0,1.0,69.625,417610000.0,6.0,139.42
2022,3,170.5,7.0,1.0,71.255,424798000.0,6.0,87.61
2024,1,27.0,6.0,2.0,35.190000000000005,280086000.0,6.0,211.87
2023,1,389.0,35.0,1.0,36.13833333333333,284679000.0,6.0,76.2
2024,1,170.5,7.0,1.0,35.190000000000005,280086000.0,6.0,115.24
2021,7,170.5,7.0,1.0,53.97166666666666,382565000.0,6.0,124.95
2022,9,2357.0,188.0,1.0,42.855,318643000.0,6.0,177.16
2024,2,713.0,4.0,1.0,44.58833333333333,331522000.0,6.0,145.16
2022,7,141.5,12.0,2.0,52.675,353454000.0,6.0,189.18
2022,5,176.0,16.0,1.0,65.71,400103000.0,6.0,153.1
2021,7,46.0,1.0,1.0,53.97166666666666,382565000.0,6.0,107.92
2020,6,170.5,7.0,1.0,43.65833333333334,337939000.0,6.0,150.36
2021,12,170.5,7.0,1.0,44.43,313786000.0,6.0,108.66
2020,2,170.5,7.0,1.0,44.46666666666667,320996000.0,6.0,94.72
2022,12,170.5,7.0,1.0,36.53833333333333,288391000.0,6.0,103.95
2024,5,1969.0,99.0,1.0,47.67666666666667,331440000.0,6.0,90.64
2022,4,170.5,7.0,1.0,69.625,417610000.0,6.0,180.32
2023,4,56.5,5.0,2.0,46.845,329634000.0,6.0,133.62
2022,12,27.0,2.0,1.0,36.53833333333333,288391000.0,6.0,115.31
2021,1,170.5,7.0,1.0,42.87166666666667,270220000.0,6.0,98.3
2024,6,34989.0,495.0,1.0,44.92,314563000.0,6.0,97.8
2022,11,1015.0,71.0,1.0,35.45333333333333,290429000.0,6.0,248.31
2022,6,170.5,7.0,1.0,59.61666666666667,373647000.0,6.0,89.99
2021,6,64.0,3.0,1.0,61.6,415893000.0,6.0,140.51
2024,8,377.0,12.0,1.0,32.655,257371000.0,6.0,163.87
2021,3,17.0,1.0,1.0,69.53833333333334,440241000.0,6.0,158.21
2022,10,7793.0,794.0,1.0,40.355,303945000.0,6.0,173.9
2021,8,20.0,1.0,1.0,48.65833333333333,348099000.0,6.0,154.62
2023,11,222.0,2.0,2.0,22.915000000000003,229694000.0,6.0,149.75
2022,2,37.0,1.0,1.0,66.33666666666666,380070000.0,6.0,71.08
2024,4,212.5,23.0,2.0,49.43333333333334,341213000.0,6.0,167.55
2023,11,108.0,5.0,1.0,22.915000000000003,229694000.0,6.0,130.38
2024,4,170.5,7.0,1.0,49.43333333333334,341213000.0,6.0,107.52
2020,12,332.0,1.0,1.0,33.15833333333333,251570000.0,6.0,92.24
2021,3,51.0,1.0,1.0,69.53833333333334,440241000.0,6.0,143.04
2023,2,7.0,1.0,1.0,39.745,304390000.0,6.0,136.29
2020,8,170.5,7.0,1.0,32.69166666666667,294685000.0,6.0,98.8
2024,3,170.5,7.0,1.0,49.19499999999999,340131000.0,6.0,215.77
2022,9,170.5,7.0,1.0,42.855,318643000.0,6.0,80.81
2022,4,5.0,2.0,1.0,69.625,417610000.0,6.0,221.32
2024,8,156.75,12.0,4.0,32.655,257371000.0,6.0,60.14
2020,1,35.0,3.0,1.0,43.28583333333333,750576000.0,12.0,109.02
2021,2,707.0,4.0,1.0,63.975,381253000.0,6.0,151.78
2023,6,27.0,8.0,3.0,44.945,320996000.0,6.0,147.89
2022,6,170.5,7.0,1.0,59.61666666666667,373647000.0,6.0,120.79
2021,12,2957.0,275.0,1.0,44.43,313786000.0,6.0,167.02
2022,6,1603.5,4.0,2.0,59.61666666666667,373647000.0,6.0,58.91
2020,11,37.0,2.0,1.0,24.118333333333336,243861000.0,6.0,123.89
2023,5,22.0,1.0,1.0,46.355,326783000.0,6.0,102.04
2024,2,170.5,7.0,1.0,44.58833333333333,331522000.0,6.0,74.06
2021,4,819.0,61.0,1.0,71.15166666666666,454646000.0,6.0,134.49
2023,6,2527.0,213.0,1.0,44.945,320996000.0,6.0,129.5
2021,3,236.75,67.0,4.0,69.53833333333334,440241000.0,6.0,183.12
2023,10,170.5,7.0,1.0,24.72666666666667,244436000.0,6.0,133.74
2024,4,14.666666666666666,3.0,3.0,49.43333333333334,341213000.0,6.0,167.16
2020,10,147.5,25.0,2.0,25.903333333333336,258732000.0,6.0,154.21
2022,5,170.5,7.0,1.0,65.71,400103000.0,6.0,96.22
2020,10,187.0,22.0,1.0,25.903333333333336,258732000.0,6.0,163.21
2023,9,54233.0,4814.0,1.0,29.215,272137000.0,6.0,60.13
2024,7,170.5,7.0,1.0,39.32833333333333,289223000.0,6.0,159.13
2021,9,1856.0,241.0,2.0,44.46666666666667,328160000.0,6.0,29.18
2021,7,78.0,3.0,1.0,53.97166666666666,382565000.0,6.0,192.24
2023,6,198.66666666666663,38.0,3.0,44.945,320996000.0,6.0,56.1
2022,11,142.33333333333334,5.0,3.0,35.45333333333333,290429000.0,6.0,145.0
2021,5,235.33333333333331,65.0,3.0,67.79166666666667,440658000.0,6.0,107.47
2022,6,279.0,7.0,2.0,59.61666666666667,373647000.0,6.0,212.97
2021,9,170.5,7.0,1.0,44.46666666666667,328160000.0,6.0,190.83
2021,9,101.0,3.0,2.0,44.46666666666667,328160000.0,6.0,88.43
2024,2,322.0,99.0,2.0,44.58833333333333,331522000.0,6.0,130.43
2024,3,170.5,7.0,1.0,49.19499999999999,340131000.0,6.0,111.43
2020,7,170.5,7.0,1.0,38.525,316270000.0,6.0,73.46
2023,11,170.5,7.0,1.0,22.915000000000003,229694000.0,6.0,148.63
2024,2,170.5,7.0,1.0,44.58833333333333,331522000.0,6.0,156.15
2022,10,1972.0,67.0,2.0,40.355,303945000.0,6.0,157.14
2024,4,10.0,2.0,1.0,49.43333333333334,341213000.0,6.0,131.7
2024,3,38282.0,14616.0,4.0,49.19499999999999,340131000.0,6.0,139.35
2023,2,170.5,7.0,1.0,39.745,304390000.0,6.0,39.63
2023,1,170.5,7.0,1.0,36.13833333333333,284679000.0,6.0,143.34
2024,6,170.5,7.0,1.0,44.92,314563000.0,6.0,109.72
2023,8,3491.0,338.0,1.0,35.550000000000004,289801000.0,6.0,144.31
2021,6,278.0,7.0,1.0,61.6,415893000.0,6.0,106.53
2020,11,170.5,7.0,1.0,24.118333333333336,243861000.0,6.0,144.07
2021,11,170.5,7.0,1.0,36.111666666666665,299884000.0,6.0,157.18
2020,1,170.5,7.0,1.0,43.28583333333333,750576000.0,12.0,93.34
2020,3,170.5,7.0,1.0,45.97083333333333,763761000.0,12.0,114.98
2020,9,17.0,1.0,1.0,28.296666666666667,275243000.0,6.0,172.07
2021,8,170.5,7.0,1.0,48.65833333333333,348099000.0,6.0,35.94
2024,5,5110.5,1112.0,2.0,47.67666666666667,331440000.0,6.0,167.97
2022,3,170.5,7.0,1.0,71.255,424798000.0,6.0,56.87
2021,12,170.5,7.0,1.0,44.43,313786000.0,6.0,182.27
2022,8,467.75,66.0,4.0,46.225,334604000.0,6.0,137.23
2021,7,170.5,7.0,1.0,53.97166666666666,382565000.0,6.0,95.52
2022,2,170.5,7.0,1.0,66.33666666666666,380070000.0,6.0,85.84
2021,9,154.0,4.0,1.0,44.46666666666667,328160000.0,6.0,58.62
2023,3,1606.0,7.0,1.0,42.32666666666667,313051000.0,6.0,33.1
2020,4,2.0,1.0,1.0,47.95166666666666,372131000.0,6.0,47.04
2021,6,29.0,2.0,2.0,61.6,415893000.0,6.0,103.33
2022,4,170.5,7.0,1.0,69.625,417610000.0,6.0,156.16
2024,6,170.5,7.0,1.0,44.92,314563000.0,6.0,168.84
2022,1,20287.0,42.0,1.0,52.89333333333334,324869000.0,6.0,163.53
2024,4,34.0,3.0,1.0,49.43333333333334,341213000.0,6.0,103.13
2020,6,170.5,7.0,1.0,43.65833333333334,337939000.0,6.0,162.6
2022,12,16858.0,1689.0,1.0,36.53833333333333,288391000.0,6.0,201.97
2023,4,474.0,37.0,1.0,46.845,329634000.0,6.0,164.75
2023,6,586.0,41.0,5.0,44.945,320996000.0,6.0,120.16
2023,5,10.5,2.0,2.0,46.355,326783000.0,6.0,145.65
2023,11,170.5,7.0,1.0,22.915000000000003,229694000.0,6.0,115.49
2023,12,360.0,42.0,1.0,26.203333333333333,247671000.0,6.0,92.47
2023,6,133.5,6.0,2.0,44.945,320996000.0,6.0,171.19
2021,12,170.5,7.0,1.0,44.43,313786000.0,6.0,102.41
2022,3,81.0,9.0,1.0,71.255,424798000.0,6.0,158.08
2023,5,170.5,7.0,1.0,46.355,326783000.0,6.0,182.24
2023,2,10.0,1.0,1.0,39.745,304390000.0,6.0,83.84
2022,5,940.0,12.0,1.0,65.71,400103000.0,6.0,105.0
2020,2,62.0,16.0,2.0,44.46666666666667,320996000.0,6.0,140.8
2022,9,170.5,7.0,1.0,42.855,318643000.0,6.0,169.79
2022,2,1189.0,362.0,2.0,66.33666666666666,380070000.0,6.0,103.51
2020,2,1.0,1.0,1.0,44.46666666666667,320996000.0,6.0,143.01
2023,9,5010.333333333333,1770.0,3.0,29.215,272137000.0,6.0,77.66
2022,6,111386.0,8042.0,1.0,59.61666666666667,373647000.0,6.0,154.12
2020,10,170.5,7.0,1.0,25.903333333333336,258732000.0,6.0,127.15
2022,2,170.5,7.0,1.0,66.33666666666666,380070000.0,6.0,130.27
2021,9,409.0,24.0,1.0,44.46666666666667,328160000.0,6.0,163.9
2021,2,1793.0,164.0,1.0,63.975,381253000.0,6.0,129.67
2021,7,170.5,7.0,1.0,53.97166666666666,382565000.0,6.0,141.38
2024,7,94.0,2.0,1.0,39.32833333333333,289223000.0,6.0,156.71
2022,5,170.5,7.0,1.0,65.71,400103000.0,6.0,152.64
2023,2,22.0,4.0,1.0,39.745,304390000.0,6.0,78.09
2022,12,21.0,1.0,1.0,36.53833333333333,288391000.0,6.0,184.59
2023,2,19.0,6.0,1.0,39.745,304390000.0,6.0,172.07
2021,4,1461.5,10.0,2.0,71.15166666666666,454646000.0,6.0,90.92
2023,7,65.0,1.0,1.0,41.435,306447000.0,6.0,172.56
2020,11,170.5,7.0,1.0,24.118333333333336,243861000.0,6.0,73.68
2021,7,170.5,7.0,1.0,53.97166666666666,382565000.0,6.0,66.93
2020,12,7.0,1.0,1.0,33.15833333333333,251570000.0,6.0,142.82
2022,6,443.0,6.0,1.0,59.61666666666667,373647000.0,6.0,129.81
2022,8,170.5,7.0,1.0,46.225,334604000.0,6.0,100.5
2024,2,499.0,58.0,1.0,44.58833333333333,331522000.0,6.0,78.35
2024,8,1177.0,3.0,1.0,32.655,257371000.0,6.0,43.86
2020,10,170.5,7.0,1.0,25.903333333333336,258732000.0,6.0,120.59
2024,3,170.5,7.0,1.0,49.19499999999999,340131000.0,6.0,203.82
2022,5,14.0,4.0,1.0,65.71,400103000.0,6.0,133.0
2024,5,170.5,7.0,1.0,47.67666666666667,331440000.0,6.0,169.25
2023,7,65.0,1.0,1.0,41.435,306447000.0,6.0,103.79
2020,11,1.0,1.0,1.0,24.118333333333336,243861000.0,6.0,152.87
2021,7,666.0,15.0,1.0,53.97166666666666,382565000.0,6.0,176.37
2021,3,282.5,76.0,2.0,69.53833333333334,440241000.0,6.0,147.71
2024,6,77.0,6.0,1.0,44.92,314563000.0,6.0,146.59
2023,12,18.0,1.0,1.0,26.203333333333333,247671000.0,6.0,111.66
2023,8,263.0,46.0,2.0,35.550000000000004,289801000.0,6.0,165.71
2023,8,245.0,30.0,2.0,35.550000000000004,289801000.0,6.0,83.02
2022,3,53.0,1.0,1.0,71.255,424798000.0,6.0,83.79
2024,6,170.5,7.0,1.0,44.92,314563000.0,6.0,116.52
2022,8,2597.0,233.0,2.0,46.225,334604000.0,6.0,226.54
2023,6,1580.0,13.0,1.0,44.945,320996000.0,6.0,165.84
2021,7,2095.0,219.0,1.0,53.97166666666666,382565000.0,6.0,96.35
2022,3,170.5,7.0,1.0,71.255,424798000.0,6.0,87.55
2021,4,672.0,67.0,1.0,71.15166666666666,454646000.0,6.0,100.32
2023,3,170.5,7.0,1.0,42.32666666666667,313051000.0,6.0,124.5
2023,2,68.33333333333333,14.0,3.0,39.745,304390000.0,6.0,83.68
2023,1,46.5,8.0,2.0,36.13833333333333,284679000.0,6.0,1.0
2020,7,66.0,5.0,3.0,38.525,316270000.0,6.0,142.38
2023,7,170.5,7.0,1.0,41.435,306447000.0,6.0,159.93
2023,11,183.0,15.0,1.0,22.915000000000003,229694000.0,6.0,101.15
2020,12,170.5,7.0,1.0,33.15833333333333,251570000.0,6.0,124.04
2023,9,170.5,7.0,1.0,29.215,272137000.0,6.0,138.85
2021,10,170.5,7.0,1.0,40.41833333333333,310750000.0,6.0,107.41
2022,9,561.0,6.0,1.0,42.855,318643000.0,6.0,129.41
2020,6,170.5,7.0,1.0,43.65833333333334,337939000.0,6.0,72.73
2021,10,170.5,7.0,1.0,40.41833333333333,310750000.0,6.0,92.29
2024,4,10.0,2.0,1.0,49.43333333333334,341213000.0,6.0,133.84
2023,3,170.5,7.0,1.0,42.32666666666667,313051000.0,6.0,85.88
2021,1,170.5,7.0,1.0,42.87166666666667,270220000.0,6.0,102.85
2024,6,387.5,10.0,2.0,44.92,314563000.0,6.0,106.95
2022,4,107.0,20.0,1.0,69.625,417610000.0,6.0,173.47
2021,3,170.5,7.0,1.0,69.53833333333334,440241000.0,6.0,83.62
2021,3,170.5,7.0,1.0,69.53833333333334,440241000.0,6.0,174.12
2023,5,60.66666666666666,13.0,3.0,46.355,326783000.0,6.0,170.91
2023,2,170.5,7.0,1.0,39.745,304390000.0,6.0,63.19
2021,10,275.5,5.0,2.0,40.41833333333333,310750000.0,6.0,114.89
2023,6,432.0,20.0,1.0,44.945,320996000.0,6.0,95.18
2020,5,122.0,1.0,1.0,46.24333333333334,353544000.0,6.0,118.98
2021,6,170.5,7.0,1.0,61.6,415893000.0,6.0,61.24
2022,2,268.6666666666667,16.0,3.0,66.33666666666666,380070000.0,6.0,104.39
2020,2,242.5,27.0,2.0,44.46666666666667,320996000.0,6.0,103.42
2020,11,170.5,7.0,1.0,24.118333333333336,243861000.0,6.0,107.66
2022,8,170.5,7.0,1.0,46.225,334604000.0,6.0,214.98
2022,3,170.5,7.0,1.0,71.255,424798000.0,6.0,170.26
2020,11,5432.0,191.0,1.0,24.118333333333336,243861000.0,6.0,114.18
2023,10,170.5,7.0,1.0,24.72666666666667,244436000.0,6.0,130.38
2021,6,419.0,5.0,1.0,61.6,415893000.0,6.0,91.04
2023,10,293.0,1.0,1.0,24.72666666666667,244436000.0,6.0,76.99
2024,1,170.5,7.0,1.0,35.190000000000005,280086000.0,6.0,70.82
2023,10,243.0,72.0,2.0,24.72666666666667,244436000.0,6.0,171.58
2023,10,7.0,1.0,1.0,24.72666666666667,244436000.0,6.0,113.09
2021,4,1461.5,10.0,2.0,71.15166666666666,454646000.0,6.0,119.55
2021,5,229.0,49.0,1.0,67.79166666666667,440658000.0,6.0,158.72
2020,5,170.5,7.0,1.0,46.24333333333334,353544000.0,6.0,109.73
2022,12,170.5,7.0,1.0,36.53833333333333,288391000.0,6.0,116.84
2023,3,1606.0,7.0,1.0,42.32666666666667,313051000.0,6.0,117.66
2022,2,12.0,1.0,1.0,66.33666666666666,380070000.0,6.0,134.53
2021,12,170.5,7.0,1.0,44.43,313786000.0,6.0,149.14
2024,4,170.5,7.0,1.0,49.43333333333334,341213000.0,6.0,160.84
2023,6,12139.0,2582.0,2.0,44.945,320996000.0,6.0,80.98
2022,5,74.5,16.0,2.0,65.71,400103000.0,6.0,137.16
2024,6,170.5,7.0,1.0,44.92,314563000.0,6.0,120.6
2021,5,235.33333333333331,65.0,3.0,67.79166666666667,440658000.0,6.0,122.34
2022,4,107.0,20.0,1.0,69.625,417610000.0,6.0,98.7
2020,3,170.5,7.0,1.0,45.97083333333333,763761000.0,12.0,227.93
2022,5,170.5,7.0,1.0,65.71,400103000.0,6.0,128.36
2021,3,15.0,1.0,1.0,69.53833333333334,440241000.0,6.0,122.58
2022,12,21.0,1.0,1.0,36.53833333333333,288391000.0,6.0,185.5
2020,7,211.0,14.0,2.0,38.525,316270000.0,6.0,163.11
2024,4,831.0,130.0,2.0,49.43333333333334,341213000.0,6.0,67.37
2022,10,1972.0,67.0,2.0,40.355,303945000.0,6.0,171.16
2024,8,21.0,1.0,1.0,32.655,257371000.0,6.0,136.97
2021,1,170.5,7.0,1.0,42.87166666666667,270220000.0,6.0,87.56
2023,7,170.5,7.0,1.0,41.435,306447000.0,6.0,171.96
2020,1,499.0,13.0,1.0,43.28583333333333,750576000.0,12.0,142.05
2021,12,226.0,26.0,1.0,44.43,313786000.0,6.0,91.57
2020,2,170.5,7.0,1.0,44.46666666666667,320996000.0,6.0,108.29
2022,3,170.5,7.0,1.0,71.255,424798000.0,6.0,124.69
2024,5,42.5,3.0,2.0,47.67666666666667,331440000.0,6.0,183.51
2024,8,204.0,7.0,1.0,32.655,257371000.0,6.0,163.93
2024,6,170.5,7.0,1.0,44.92,314563000.0,6.0,124.55
2023,11,170.5,7.0,1.0,22.915000000000003,229694000.0,6.0,137.54
2021,5,170.5,7.0,1.0,67.79166666666667,440658000.0,6.0,79.35
2021,1,170.5,7.0,1.0,42.87166666666667,270220000.0,6.0,89.42
2024,2,170.5,7.0,1.0,44.58833333333333,331522000.0,6.0,126.93
2022,12,2.0,1.0,1.0,36.53833333333333,288391000.0,6.0,133.13
2022,8,51.0,3.0,2.0,46.225,334604000.0,6.0,156.35
2021,2,707.0,4.0,1.0,63.975,381253000.0,6.0,150.79
2021,3,170.5,7.0,1.0,69.53833333333334,440241000.0,6.0,81.07
2022,3,376.5,27.0,2.0,71.255,424798000.0,6.0,146.52
2021,11,170.5,7.0,1.0,36.111666666666665,299884000.0,6.0,149.43
2023,4,275.0,2.0,1.0,46.845,329634000.0,6.0,163.52
2020,12,274.5,35.0,2.0,33.15833333333333,251570000.0,6.0,99.7
2020,11,145.66666666666666,24.0,3.0,24.118333333333336,243861000.0,6.0,21.76
2020,5,170.5,7.0,1.0,46.24333333333334,353544000.0,6.0,161.71
2021,4,672.0,67.0,1.0,71.15166666666666,454646000.0,6.0,207.69
2021,4,170.5,7.0,1.0,71.15166666666666,454646000.0,6.0,75.44
2023,4,67.0,3.0,1.0,46.845,329634000.0,6.0,172.84
2023,8,368.5,21.0,2.0,35.550000000000004,289801000.0,6.0,90.58
2023,12,170.5,7.0,1.0,26.203333333333333,247671000.0,6.0,144.23
2022,1,170.5,7.0,1.0,52.89333333333334,324869000.0,6.0,161.2
2022,2,184.0,4.0,1.0,66.33666666666666,380070000.0,6.0,86.17
2020,7,170.5,7.0,1.0,38.525,316270000.0,6.0,109.22
2023,6,36.0,4.0,2.0,44.945,320996000.0,6.0,13.13
2023,1,1449.0,174.0,2.0,36.13833333333333,284679000.0,6.0,172.13
2020,3,51.0,5.0,1.0,45.97083333333333,763761000.0,12.0,113.89
2023,7,98.5,3.0,2.0,41.435,306447000.0,6.0,154.84
2020,9,10551.0,2.0,2.0,28.296666666666667,275243000.0,6.0,45.15
2024,5,170.5,7.0,1.0,47.67666666666667,331440000.0,6.0,215.77
2024,5,1642.0,226.0,1.0,47.67666666666667,331440000.0,6.0,99.11
2024,2,27.33333333333333,8.0,3.0,44.58833333333333,331522000.0,6.0,146.43
2021,2,42.0,1.0,1.0,63.975,381253000.0,6.0,116.11
2021,11,145.0,13.0,1.0,36.111666666666665,299884000.0,6.0,167.59
2024,2,2.0,1.0,1.0,44.58833333333333,331522000.0,6.0,133.24
2024,6,42.0,1.0,1.0,44.92,314563000.0,6.0,137.58
2022,2,525.5,10.0,2.0,66.33666666666666,380070000.0,6.0,72.05
2023,6,198.66666666666663,38.0,3.0,44.945,320996000.0,6.0,163.05
2022,5,170.5,7.0,1.0,65.71,400103000.0,6.0,197.49
2022,11,119.5,23.0,2.0,35.45333333333333,290429000.0,6.0,112.82
2021,10,115.0,1.0,1.0,40.41833333333333,310750000.0,6.0,64.04
2023,11,170.5,7.0,1.0,22.915000000000003,229694000.0,6.0,158.66
2021,5,170.5,7.0,1.0,67.79166666666667,440658000.0,6.0,166.38
2024,4,9830.0,1397.0,1.0,49.43333333333334,341213000.0,6.0,16.24
2022,11,8.0,1.0,1.0,35.45333333333333,290429000.0,6.0,210.86
2022,3,170.5,7.0,1.0,71.255,424798000.0,6.0,157.66
2020,6,170.5,7.0,1.0,43.65833333333334,337939000.0,6.0,122.78
2022,4,107.0,20.0,1.0,69.625,417610000.0,6.0,152.7
2023,5,583.0,15.0,1.0,46.355,326783000.0,6.0,121.52
2020,5,170.5,7.0,1.0,46.24333333333334,353544000.0,6.0,103.75
2024,6,1942.5,15.0,2.0,44.92,314563000.0,6.0,66.81
2023,3,170.5,7.0,1.0,42.32666666666667,313051000.0,6.0,127.04
2022,4,170.5,7.0,1.0,69.625,417610000.0,6.0,79.01
2022,9,2371.0,92.0,2.0,42.855,318643000.0,6.0,139.57
2021,2,170.5,7.0,1.0,63.975,381253000.0,6.0,132.54
2022,3,31.0,3.0,1.0,71.255,424798000.0,6.0,133.62
2023,8,263.0,46.0,2.0,35.550000000000004,289801000.0,6.0,138.71
2021,12,170.5,7.0,1.0,44.43,313786000.0,6.0,163.56
2022,3,170.5,7.0,1.0,71.255,424798000.0,6.0,147.1
2021,6,38.5,3.0,2.0,61.6,415893000.0,6.0,112.93
2021,8,170.5,7.0,1.0,48.65833333333333,348099000.0,6.0,150.13
2023,4,170.5,7.0,1.0,46.845,329634000.0,6.0,128.68
2021,6,170.5,7.0,1.0,61.6,415893000.0,6.0,72.03
2020,1,4.0,1.0,1.0,43.28583333333333,750576000.0,12.0,45.48
2020,12,170.5,7.0,1.0,33.15833333333333,251570000.0,6.0,116.58
2023,5,15.0,1.0,1.0,46.355,326783000.0,6.0,69.71
2023,5,10.5,2.0,2.0,46.355,326783000.0,6.0,175.87
2020,1,26.0,4.0,1.0,43.28583333333333,750576000.0,12.0,61.39
2022,4,170.5,7.0,1.0,69.625,417610000.0,6.0,159.72
2020,1,26.0,4.0,1.0,43.28583333333333,750576000.0,12.0,86.73
2023,2,27.0,2.0,1.0,39.745,304390000.0,6.0,160.59
2020,8,170.5,7.0,1.0,32.69166666666667,294685000.0,6.0,265.2
2021,3,1031.5,161.0,2.0,69.53833333333334,440241000.0,6.0,174.46
2023,8,436.0,30.0,2.0,35.550000000000004,289801000.0,6.0,157.21
2021,3,170.5,7.0,1.0,69.53833333333334,440241000.0,6.0,109.54
2024,6,170.5,7.0,1.0,44.92,314563000.0,6.0,77.82
2024,1,170.5,7.0,1.0,35.190000000000005,280086000.0,6.0,90.91
2023,11,170.5,7.0,1.0,22.915000000000003,229694000.0,6.0,167.53
2023,2,182.0,18.0,1.0,39.745,304390000.0,6.0,153.32
2023,8,263.0,46.0,2.0,35.550000000000004,289801000.0,6.0,53.25
2023,1,4.0,1.0,1.0,36.13833333333333,284679000.0,6.0,127.55
2022,10,58.0,3.0,1.0,40.355,303945000.0,6.0,130.41
2022,1,69.33333333333333,3.0,3.0,52.89333333333334,324869000.0,6.0,103.29
2023,11,170.5,7.0,1.0,22.915000000000003,229694000.0,6.0,146.72
2023,3,170.5,7.0,1.0,42.32666666666667,313051000.0,6.0,112.9
2022,5,2789.0,572.0,2.0,65.71,400103000.0,6.0,39.05
2021,8,33.0,1.0,1.0,48.65833333333333,348099000.0,6.0,115.08
2020,2,170.5,7.0,1.0,44.46666666666667,320996000.0,6.0,135.22
2021,9,170.5,7.0,1.0,44.46666666666667,328160000.0,6.0,54.05
2022,8,170.5,7.0,1.0,46.225,334604000.0,6.0,205.93
2022,8,1520.5,206.0,2.0,46.225,334604000.0,6.0,109.96
2023,9,4.0,1.0,1.0,29.215,272137000.0,6.0,167.1
2021,8,170.5,7.0,1.0,48.65833333333333,348099000.0,6.0,54.33
2022,9,170.5,7.0,1.0,42.855,318643000.0,6.0,60.03
2022,10,170.5,7.0,1.0,40.355,303945000.0,6.0,152.24
2023,12,18.0,1.0,1.0,26.203333333333333,247671000.0,6.0,29.99
2024,6,170.5,7.0,1.0,44.92,314563000.0,6.0,130.21
2021,12,170.5,7.0,1.0,44.43,313786000.0,6.0,108.11
2024,3,29.0,3.0,1.0,49.19499999999999,340131000.0,6.0,65.58
2022,9,170.5,7.0,1.0,42.855,318643000.0,6.0,112.53
2021,1,251.5,40.0,2.0,42.87166666666667,270220000.0,6.0,95.8
2024,3,409.0,14.0,2.0,49.19499999999999,340131000.0,6.0,108.22
2021,5,47.0,5.0,1.0,67.79166666666667,440658000.0,6.0,158.12
2021,12,170.5,7.0,1.0,44.43,313786000.0,6.0,130.2
2022,9,468.6666666666667,64.0,3.0,42.855,318643000.0,6.0,117.32
2023,2,170.5,7.0,1.0,39.745,304390000.0,6.0,137.92
2021,4,99.0,25.0,2.0,71.15166666666666,454646000.0,6.0,165.57
2023,2,65.0,4.0,2.0,39.745,304390000.0,6.0,87.05
2022,4,21.0,9.0,1.0,69.625,417610000.0,6.0,122.48
2021,1,272.5,14.0,2.0,42.87166666666667,270220000.0,6.0,138.1
2022,3,1346.0,87.0,1.0,71.255,424798000.0,6.0,86.74
2022,10,170.5,7.0,1.0,40.355,303945000.0,6.0,73.27
2023,2,693.0,76.0,1.0,39.745,304390000.0,6.0,162.32
2020,10,16.0,1.0,1.0,25.903333333333336,258732000.0,6.0,148.48
2021,11,95.0,3.0,1.0,36.111666666666665,299884000.0,6.0,97.1
2023,5,170.5,7.0,1.0,46.355,326783000.0,6.0,116.41
2024,3,3131.0,28.0,1.0,49.19499999999999,340131000.0,6.0,141.98
2020,6,170.5,7.0,1.0,43.65833333333334,337939000.0,6.0,146.06
2023,3,314.5,5.0,2.0,42.32666666666667,313051000.0,6.0,131.08
2023,5,52.0,6.0,2.0,46.355,326783000.0,6.0,168.13
2021,5,10612.0,326.0,1.0,67.79166666666667,440658000.0,6.0,156.82
2020,1,170.5,7.0,1.0,43.28583333333333,750576000.0,12.0,118.77
2024,1,26.0,3.0,1.0,35.190000000000005,280086000.0,6.0,79.41
2024,1,10.0,1.0,1.0,35.190000000000005,280086000.0,6.0,191.02
2022,7,64.5,8.0,2.0,52.675,353454000.0,6.0,112.18
2024,4,128.5,27.0,2.0,49.43333333333334,341213000.0,6.0,115.82
2021,3,17.0,1.0,1.0,69.53833333333334,440241000.0,6.0,142.07
2020,6,170.5,7.0,1.0,43.65833333333334,337939000.0,6.0,131.24
2020,6,170.5,7.0,1.0,43.65833333333334,337939000.0,6.0,74.78
2023,6,111.0,6.0,1.0,44.945,320996000.0,6.0,55.82
2022,7,170.5,7.0,1.0,52.675,353454000.0,6.0,103.87
2023,10,170.5,7.0,1.0,24.72666666666667,244436000.0,6.0,130.98
2020,6,170.5,7.0,1.0,43.65833333333334,337939000.0,6.0,77.35
2023,10,6.0,1.0,1.0,24.72666666666667,244436000.0,6.0,99.53
2023,8,368.5,21.0,2.0,35.550000000000004,289801000.0,6.0,174.18
2024,3,13.0,4.0,2.0,49.19499999999999,340131000.0,6.0,165.94
2021,3,170.5,7.0,1.0,69.53833333333334,440241000.0,6.0,106.63
2021,3,170.5,7.0,1.0,69.53833333333334,440241000.0,6.0,207.06
2022,4,133.0,1.0,1.0,69.625,417610000.0,6.0,141.89
2022,9,325.0,1.0,1.0,42.855,318643000.0,6.0,175.81
2022,2,152.0,15.0,1.0,66.33666666666666,380070000.0,6.0,175.03
2023,11,170.5,7.0,1.0,22.915000000000003,229694000.0,6.0,88.67
2023,3,1606.0,7.0,1.0,42.32666666666667,313051000.0,6.0,131.68
2023,10,286.0,47.0,2.0,24.72666666666667,244436000.0,6.0,141.18
2023,6,858.0,77.0,1.0,44.945,320996000.0,6.0,142.27
2022,4,107.0,20.0,1.0,69.625,417610000.0,6.0,165.61
2020,2,170.5,7.0,1.0,44.46666666666667,320996000.0,6.0,53.08
2024,3,170.5,7.0,1.0,49.19499999999999,340131000.0,6.0,136.54
2021,10,170.5,7.0,1.0,40.41833333333333,310750000.0,6.0,172.7
2021,5,170.5,7.0,1.0,67.79166666666667,440658000.0,6.0,182.05
2020,6,170.5,7.0,1.0,43.65833333333334,337939000.0,6.0,122.36
2023,12,170.5,7.0,1.0,26.203333333333333,247671000.0,6.0,192.67
2024,9,170.5,7.0,1.0,25.81833333333333,233360000.0,6.0,121.96
2020,3,170.5,7.0,1.0,45.97083333333333,763761000.0,12.0,179.28
2022,3,170.5,7.0,1.0,71.255,424798000.0,6.0,80.81
2023,10,243.0,72.0,2.0,24.72666666666667,244436000.0,6.0,81.44
2021,4,170.5,7.0,1.0,71.15166666666666,454646000.0,6.0,204.53
2020,3,170.5,7.0,1.0,45.97083333333333,763761000.0,12.0,150.48
2023,2,219.33333333333331,10.0,3.0,39.745,304390000.0,6.0,92.02
2023,1,170.5,7.0,1.0,36.13833333333333,284679000.0,6.0,132.32
2022,5,2789.0,572.0,2.0,65.71,400103000.0,6.0,113.33
2024,5,170.5,7.0,1.0,47.67666666666667,331440000.0,6.0,138.69
2024,5,36.0,6.0,2.0,47.67666666666667,331440000.0,6.0,104.49
2022,8,2597.0,233.0,2.0,46.225,334604000.0,6.0,133.92
2023,4,170.5,7.0,1.0,46.845,329634000.0,6.0,54.28
2021,7,170.5,7.0,1.0,53.97166666666666,382565000.0,6.0,154.94
2021,2,170.5,7.0,1.0,63.975,381253000.0,6.0,149.4
2023,6,858.0,77.0,1.0,44.945,320996000.0,6.0,215.46
2023,11,1632.3333333333333,302.0,3.0,22.915000000000003,229694000.0,6.0,120.82
2022,7,170.5,7.0,1.0,52.675,353454000.0,6.0,72.52
2023,1,170.5,7.0,1.0,36.13833333333333,284679000.0,6.0,114.93
2024,3,170.5,7.0,1.0,49.19499999999999,340131000.0,6.0,145.3
2024,2,170.5,7.0,1.0,44.58833333333333,331522000.0,6.0,112.13
2023,11,1632.3333333333333,302.0,3.0,22.915000000000003,229694000.0,6.0,142.28
2024,3,170.5,7.0,1.0,49.19499999999999,340131000.0,6.0,123.2
2020,7,170.5,7.0,1.0,38.525,316270000.0,6.0,138.62
2020,12,170.5,7.0,1.0,33.15833333333333,251570000.0,6.0,78.81
2024,7,170.5,7.0,1.0,39.32833333333333,289223000.0,6.0,199.7
2020,11,170.5,7.0,1.0,24.118333333333336,243861000.0,6.0,128.36
2021,12,170.5,7.0,1.0,44.43,313786000.0,6.0,112.79
2020,12,170.5,7.0,1.0,33.15833333333333,251570000.0,6.0,162.61
2023,11,232.0,2.0,2.0,22.915000000000003,229694000.0,6.0,175.34
2020,12,130.0,15.0,1.0,33.15833333333333,251570000.0,6.0,124.94
2022,7,170.5,7.0,1.0,52.675,353454000.0,6.0,92.81
2022,6,383.0,38.0,1.0,59.61666666666667,373647000.0,6.0,96.98
2022,4,6.0,1.0,1.0,69.625,417610000.0,6.0,121.28
2023,10,170.5,7.0,1.0,24.72666666666667,244436000.0,6.0,82.98
2021,10,170.5,7.0,1.0,40.41833333333333,310750000.0,6.0,105.47
2024,3,13.0,4.0,2.0,49.19499999999999,340131000.0,6.0,150.23
2021,11,280.0,67.0,2.0,36.111666666666665,299884000.0,6.0,111.91
2022,5,940.0,12.0,1.0,65.71,400103000.0,6.0,136.7
2021,1,46.0,1.0,1.0,42.87166666666667,270220000.0,6.0,97.89
2022,12,2.0,1.0,1.0,36.53833333333333,288391000.0,6.0,132.98
2023,4,5.0,1.0,1.0,46.845,329634000.0,6.0,48.95
2022,12,21.0,1.0,1.0,36.53833333333333,288391000.0,6.0,100.2
2021,7,54.0,3.0,1.0,53.97166666666666,382565000.0,6.0,151.95
2021,8,628.0,44.0,1.0,48.65833333333333,348099000.0,6.0,117.7
2022,11,170.5,7.0,1.0,35.45333333333333,290429000.0,6.0,144.69
2024,1,20424.0,2290.0,1.0,35.190000000000005,280086000.0,6.0,82.94
2023,5,10.5,2.0,2.0,46.355,326783000.0,6.0,152.66
2021,5,641.6666666666666,76.0,3.0,67.79166666666667,440658000.0,6.0,186.02
2021,6,1043.0,4.0,1.0,61.6,415893000.0,6.0,163.15
2020,1,170.5,7.0,1.0,43.28583333333333,750576000.0,12.0,125.81
2023,11,222.0,2.0,2.0,22.915000000000003,229694000.0,6.0,133.24
2020,12,6.0,1.0,1.0,33.15833333333333,251570000.0,6.0,150.06
2022,7,170.5,7.0,1.0,52.675,353454000.0,6.0,212.04
2022,3,170.5,7.0,1.0,71.255,424798000.0,6.0,202.98
2023,12,18.0,1.0,1.0,26.203333333333333,247671000.0,6.0,107.93
2021,1,59.5,5.0,2.0,42.87166666666667,270220000.0,6.0,118.69
2020,2,23.0,2.0,1.0,44.46666666666667,320996000.0,6.0,197.88
2022,9,170.5,7.0,1.0,42.855,318643000.0,6.0,75.43
2022,8,170.5,7.0,1.0,46.225,334604000.0,6.0,137.18
2022,11,170.5,7.0,1.0,35.45333333333333,290429000.0,6.0,176.6
2022,5,170.5,7.0,1.0,65.71,400103000.0,6.0,213.34
2021,1,251.5,40.0,2.0,42.87166666666667,270220000.0,6.0,104.36
2020,2,3167.5,114.0,2.0,44.46666666666667,320996000.0,6.0,97.04
2021,5,8209.0,2.0,1.0,67.79166666666667,440658000.0,6.0,116.47
2020,3,72.0,2.0,1.0,45.97083333333333,763761000.0,12.0,166.62
2021,1,420.5,49.0,2.0,42.87166666666667,270220000.0,6.0,109.4
2023,10,170.5,7.0,1.0,24.72666666666667,244436000.0,6.0,115.93
2021,4,431.5,49.0,2.0,71.15166666666666,454646000.0,6.0,152.57
2023,5,170.5,7.0,1.0,46.355,326783000.0,6.0,148.3
2024,5,36.0,6.0,2.0,47.67666666666667,331440000.0,6.0,106.79
2020,6,170.5,7.0,1.0,43.65833333333334,337939000.0,6.0,147.18
2023,12,170.5,7.0,1.0,26.203333333333333,247671000.0,6.0,147.28
2023,10,171.0,20.0,2.0,24.72666666666667,244436000.0,6.0,187.77
2021,12,2057.0,169.0,1.0,44.43,313786000.0,6.0,111.3
2024,5,2785.0,5.0,1.0,47.67666666666667,331440000.0,6.0,116.28
2024,3,170.5,7.0,1.0,49.19499999999999,340131000.0,6.0,172.96
2021,7,265.0,60.0,3.0,53.97166666666666,382565000.0,6.0,224.12
2023,7,170.5,7.0,1.0,41.435,306447000.0,6.0,162.82
2021,11,4619.0,223.0,1.0,36.111666666666665,299884000.0,6.0,128.7
2021,12,907.0,1.0,1.0,44.43,313786000.0,6.0,128.95
2023,1,170.5,7.0,1.0,36.13833333333333,284679000.0,6.0,100.53
2022,5,170.5,7.0,1.0,65.71,400103000.0,6.0,199.67
2021,5,229.0,49.0,1.0,67.79166666666667,440658000.0,6.0,101.48
2021,3,236.75,67.0,4.0,69.53833333333334,440241000.0,6.0,171.63
2024,3,170.5,7.0,1.0,49.19499999999999,340131000.0,6.0,154.6
2024,3,3131.0,28.0,1.0,49.19499999999999,340131000.0,6.0,104.82
2021,10,170.5,7.0,1.0,40.41833333333333,310750000.0,6.0,208.08
2021,7,170.5,7.0,1.0,53.97166666666666,382565000.0,6.0,107.81
2021,2,170.5,7.0,1.0,63.975,381253000.0,6.0,202.63
2023,8,2237.0,259.0,1.0,35.550000000000004,289801000.0,6.0,140.86
2022,11,119.5,23.0,2.0,35.45333333333333,290429000.0,6.0,170.0
2023,8,170.5,7.0,1.0,35.550000000000004,289801000.0,6.0,225.33
2023,4,72.0,22.0,3.0,46.845,329634000.0,6.0,184.45
2023,4,170.5,7.0,1.0,46.845,329634000.0,6.0,192.62
2024,4,19.0,2.0,1.0,49.43333333333334,341213000.0,6.0,140.97
2022,12,16858.0,1689.0,1.0,36.53833333333333,288391000.0,6.0,112.15
2023,8,436.0,30.0,2.0,35.550000000000004,289801000.0,6.0,172.94
2020,2,1176.6666666666667,169.0,3.0,44.46666666666667,320996000.0,6.0,99.66
2023,4,72.0,22.0,3.0,46.845,329634000.0,6.0,149.37
2021,9,170.5,7.0,1.0,44.46666666666667,328160000.0,6.0,143.63
2023,12,170.5,7.0,1.0,26.203333333333333,247671000.0,6.0,161.63
2024,8,45.0,1.0,1.0,32.655,257371000.0,6.0,135.12
2020,4,200.0,3.0,1.0,47.95166666666666,372131000.0,6.0,106.05
2022,6,170.5,7.0,1.0,59.61666666666667,373647000.0,6.0,103.53
2022,7,170.5,7.0,1.0,52.675,353454000.0,6.0,50.48
2022,1,170.5,7.0,1.0,52.89333333333334,324869000.0,6.0,117.87
2023,11,170.5,7.0,1.0,22.915000000000003,229694000.0,6.0,144.45
2020,8,3.0,1.0,1.0,32.69166666666667,294685000.0,6.0,188.06
2024,1,27.0,6.0,2.0,35.190000000000005,280086000.0,6.0,65.8
2021,4,170.5,7.0,1.0,71.15166666666666,454646000.0,6.0,143.72
2022,2,120.33333333333331,15.0,3.0,66.33666666666666,380070000.0,6.0,81.94
2022,2,1189.0,362.0,2.0,66.33666666666666,380070000.0,6.0,162.57
2024,5,2785.0,5.0,1.0,47.67666666666667,331440000.0,6.0,133.11
2022,7,74.0,4.0,2.0,52.675,353454000.0,6.0,110.58
2024,7,126.5,8.0,2.0,39.32833333333333,289223000.0,6.0,124.29
2020,6,8.0,1.0,1.0,43.65833333333334,337939000.0,6.0,204.65
2024,5,170.5,7.0,1.0,47.67666666666667,331440000.0,6.0,156.78
2022,11,170.5,7.0,1.0,35.45333333333333,290429000.0,6.0,130.83
2022,3,170.5,7.0,1.0,71.255,424798000.0,6.0,107.86
2023,12,170.5,7.0,1.0,26.203333333333333,247671000.0,6.0,147.05
2020,9,170.5,7.0,1.0,28.296666666666667,275243000.0,6.0,118.24
2022,3,170.5,7.0,1.0,71.255,424798000.0,6.0,84.79
2023,5,204.5,10.0,2.0,46.355,326783000.0,6.0,111.57
2020,12,757.0,35.0,2.0,33.15833333333333,251570000.0,6.0,121.66
2024,6,170.5,7.0,1.0,44.92,314563000.0,6.0,94.61
2022,10,276.0,13.0,2.0,40.355,303945000.0,6.0,159.7
2023,8,170.5,7.0,1.0,35.550000000000004,289801000.0,6.0,127.33
2022,11,142.33333333333334,5.0,3.0,35.45333333333333,290429000.0,6.0,142.9
2022,2,268.6666666666667,16.0,3.0,66.33666666666666,380070000.0,6.0,145.99
2021,5,170.5,7.0,1.0,67.79166666666667,440658000.0,6.0,44.3
2022,9,170.5,7.0,1.0,42.855,318643000.0,6.0,160.07
2021,9,114.0,17.0,2.0,44.46666666666667,328160000.0,6.0,137.83
2021,7,46.0,1.0,1.0,53.97166666666666,382565000.0,6.0,132.02
2020,1,130.0,8.0,1.0,43.28583333333333,750576000.0,12.0,199.68
2022,2,987.5,11.0,2.0,66.33666666666666,380070000.0,6.0,212.02
2023,5,6.0,1.0,1.0,46.355,326783000.0,6.0,192.02
2022,3,282.3333333333333,4.0,3.0,71.255,424798000.0,6.0,64.45
2023,10,243.0,72.0,2.0,24.72666666666667,244436000.0,6.0,219.75
2023,4,170.5,7.0,1.0,46.845,329634000.0,6.0,177.33
2023,5,52.0,6.0,2.0,46.355,326783000.0,6.0,131.9
2021,2,98.0,5.0,1.0,63.975,381253000.0,6.0,115.96
2022,4,170.5,7.0,1.0,69.625,417610000.0,6.0,88.57
2020,9,170.5,7.0,1.0,28.296666666666667,275243000.0,6.0,41.49
2020,1,155.0,2.0,2.0,43.28583333333333,750576000.0,12.0,60.3
2021,1,7.0,1.0,1.0,42.87166666666667,270220000.0,6.0,118.88
2020,2,170.5,7.0,1.0,44.46666666666667,320996000.0,6.0,171.12
2024,2,86.0,7.0,1.0,44.58833333333333,331522000.0,6.0,105.39
2022,4,298.5,51.0,2.0,69.625,417610000.0,6.0,100.76
2020,3,12.0,1.0,1.0,45.97083333333333,763761000.0,12.0,181.25
2023,1,389.0,35.0,1.0,36.13833333333333,284679000.0,6.0,136.51
2024,7,170.5,7.0,1.0,39.32833333333333,289223000.0,6.0,89.05
2023,6,36.0,4.0,2.0,44.945,320996000.0,6.0,89.65
2024,4,1211.0,109.0,1.0,49.43333333333334,341213000.0,6.0,110.47
2022,4,22.0,6.0,1.0,69.625,417610000.0,6.0,73.58
2020,8,41.0,2.0,1.0,32.69166666666667,294685000.0,6.0,144.18
2021,11,95.0,3.0,1.0,36.111666666666665,299884000.0,6.0,110.33
2022,2,170.5,7.0,1.0,66.33666666666666,380070000.0,6.0,64.6
2023,11,170.5,7.0,1.0,22.915000000000003,229694000.0,6.0,154.75
2021,6,31991.0,4357.0,2.0,61.6,415893000.0,6.0,164.66
2022,2,170.5,7.0,1.0,66.33666666666666,380070000.0,6.0,148.68
2023,6,170.5,7.0,1.0,44.945,320996000.0,6.0,97.23
2023,12,321.0,47.0,2.0,26.203333333333333,247671000.0,6.0,131.08
2023,5,170.5,7.0,1.0,46.355,326783000.0,6.0,103.82
2024,8,170.5,7.0,1.0,32.655,257371000.0,6.0,181.4
2023,4,170.5,7.0,1.0,46.845,329634000.0,6.0,117.07
2022,11,491.0,7.0,2.0,35.45333333333333,290429000.0,6.0,144.83
2023,10,16.0,2.0,1.0,24.72666666666667,244436000.0,6.0,115.52
2024,3,13.0,4.0,2.0,49.19499999999999,340131000.0,6.0,173.74
2024,8,391.0,9.0,1.0,32.655,257371000.0,6.0,248.55
2023,10,33.0,8.0,3.0,24.72666666666667,244436000.0,6.0,94.32
2020,11,5432.0,191.0,1.0,24.118333333333336,243861000.0,6.0,148.95
2023,5,2128.0,470.0,3.0,46.355,326783000.0,6.0,146.33
2022,12,170.5,7.0,1.0,36.53833333333333,288391000.0,6.0,124.78
2022,4,6.0,1.0,1.0,69.625,417610000.0,6.0,138.06
2022,7,170.5,7.0,1.0,52.675,353454000.0,6.0,144.52
2024,5,36.0,6.0,2.0,47.67666666666667,331440000.0,6.0,116.06
2021,11,170.5,7.0,1.0,36.111666666666665,299884000.0,6.0,114.19
2020,2,14.0,1.0,1.0,44.46666666666667,320996000.0,6.0,154.34
2020,6,170.5,7.0,1.0,43.65833333333334,337939000.0,6.0,145.36
2020,12,170.5,7.0,1.0,33.15833333333333,251570000.0,6.0,81.22
2021,8,170.5,7.0,1.0,48.65833333333333,348099000.0,6.0,122.82
2022,11,170.5,7.0,1.0,35.45333333333333,290429000.0,6.0,82.81
2023,7,350.0,5.0,2.0,41.435,306447000.0,6.0,172.86
2023,6,170.5,7.0,1.0,44.945,320996000.0,6.0,128.12
2021,6,278.0,7.0,1.0,61.6,415893000.0,6.0,112.09
2022,5,170.5,7.0,1.0,65.71,400103000.0,6.0,190.78
2022,10,198.0,1.0,1.0,40.355,303945000.0,6.0,119.56
2024,2,56.0,1.0,1.0,44.58833333333333,331522000.0,6.0,53.19
2023,1,1449.0,174.0,2.0,36.13833333333333,284679000.0,6.0,122.99
2022,3,170.5,7.0,1.0,71.255,424798000.0,6.0,206.49
2023,5,10.5,2.0,2.0,46.355,326783000.0,6.0,145.95
2021,10,170.5,7.0,1.0,40.41833333333333,310750000.0,6.0,60.86
2023,6,12476.0,837.0,2.0,44.945,320996000.0,6.0,148.13
2023,9,54233.0,4814.0,1.0,29.215,272137000.0,6.0,52.83
2022,8,170.5,7.0,1.0,46.225,334604000.0,6.0,128.87
2021,8,170.5,7.0,1.0,48.65833333333333,348099000.0,6.0,131.78
2024,1,170.5,7.0,1.0,35.190000000000005,280086000.0,6.0,90.02
2024,7,214.0,12.0,1.0,39.32833333333333,289223000.0,6.0,161.05
2022,11,1025.0,57.0,1.0,35.45333333333333,290429000.0,6.0,131.56
2020,5,170.5,7.0,1.0,46.24333333333334,353544000.0,6.0,119.11
2020,9,1094.0,22.0,1.0,28.296666666666667,275243000.0,6.0,177.47
2022,11,170.5,7.0,1.0,35.45333333333333,290429000.0,6.0,78.6
2023,3,1606.0,7.0,1.0,42.32666666666667,313051000.0,6.0,137.62
2023,12,33442.0,3199.0,1.0,26.203333333333333,247671000.0,6.0,83.61
2023,2,27.0,2.0,1.0,39.745,304390000.0,6.0,155.9
2024,4,5020.5,875.0,2.0,49.43333333333334,341213000.0,6.0,160.08
2023,3,212.0,40.0,2.0,42.32666666666667,313051000.0,6.0,154.45
2023,6,195.0,2.0,1.0,44.945,320996000.0,6.0,213.18
2022,11,170.5,7.0,1.0,35.45333333333333,290429000.0,6.0,165.24
2020,2,492.0,2.0,1.0,44.46666666666667,320996000.0,6.0,98.94
2021,11,170.5,7.0,1.0,36.111666666666665,299884000.0,6.0,207.37
2024,5,4331.0,2274.0,4.0,47.67666666666667,331440000.0,6.0,174.8
2021,5,170.5,7.0,1.0,67.79166666666667,440658000.0,6.0,104.73
2020,10,1979.0,195.0,2.0,25.903333333333336,258732000.0,6.0,84.99
2021,11,58.0,4.0,1.0,36.111666666666665,299884000.0,6.0,94.2
2022,9,113.5,3.0,2.0,42.855,318643000.0,6.0,107.8
2023,4,170.5,7.0,1.0,46.845,329634000.0,6.0,189.16
2024,9,170.5,7.0,1.0,25.81833333333333,233360000.0,6.0,99.6
2022,5,663.0,40.0,2.0,65.71,400103000.0,6.0,199.6
2021,12,170.5,7.0,1.0,44.43,313786000.0,6.0,100.66
2022,3,1516.0,9.0,2.0,71.255,424798000.0,6.0,110.31
2023,4,170.5,7.0,1.0,46.845,329634000.0,6.0,90.31
2022,7,170.5,7.0,1.0,52.675,353454000.0,6.0,186.29
2023,1,170.5,7.0,1.0,36.13833333333333,284679000.0,6.0,100.69
2023,1,170.5,7.0,1.0,36.13833333333333,284679000.0,6.0,113.96
2021,11,31.0,2.0,1.0,36.111666666666665,299884000.0,6.0,135.85
2022,2,170.5,7.0,1.0,66.33666666666666,380070000.0,6.0,93.53
2023,8,2237.0,259.0,1.0,35.550000000000004,289801000.0,6.0,135.25
2020,7,170.5,7.0,1.0,38.525,316270000.0,6.0,118.0
2023,1,170.5,7.0,1.0,36.13833333333333,284679000.0,6.0,162.36
2021,7,265.0,60.0,3.0,53.97166666666666,382565000.0,6.0,74.44
2021,2,24.5,8.0,2.0,63.975,381253000.0,6.0,138.68
2024,5,170.5,7.0,1.0,47.67666666666667,331440000.0,6.0,102.98
2023,12,170.5,7.0,1.0,26.203333333333333,247671000.0,6.0,133.0
2024,8,47.0,6.0,2.0,32.655,257371000.0,6.0,159.29
2020,8,170.5,7.0,1.0,32.69166666666667,294685000.0,6.0,127.96
2022,2,120.33333333333331,15.0,3.0,66.33666666666666,380070000.0,6.0,123.62
2023,11,35.0,1.0,1.0,22.915000000000003,229694000.0,6.0,171.45
2021,2,37.5,7.0,2.0,63.975,381253000.0,6.0,78.35
2023,2,1132.0,148.0,1.0,39.745,304390000.0,6.0,144.8
2021,1,7.0,1.0,1.0,42.87166666666667,270220000.0,6.0,133.69
2021,2,2.0,1.0,1.0,63.975,381253000.0,6.0,145.0
2020,7,163.0,7.0,1.0,38.525,316270000.0,6.0,133.51
2022,11,170.5,7.0,1.0,35.45333333333333,290429000.0,6.0,106.04
2024,1,28.0,1.0,1.0,35.190000000000005,280086000.0,6.0,112.61
2020,7,170.5,7.0,1.0,38.525,316270000.0,6.0,221.02
2021,5,229.0,49.0,1.0,67.79166666666667,440658000.0,6.0,24.56
2021,12,2413.0,839.0,3.0,44.43,313786000.0,6.0,188.75
2023,5,1779.5,492.0,2.0,46.355,326783000.0,6.0,156.7
2020,7,170.5,7.0,1.0,38.525,316270000.0,6.0,150.37
2022,3,19.0,7.0,1.0,71.255,424798000.0,6.0,139.23
2022,8,63.0,1.0,1.0,46.225,334604000.0,6.0,199.77
2021,10,170.5,7.0,1.0,40.41833333333333,310750000.0,6.0,53.59
2021,2,24.0,2.0,1.0,63.975,381253000.0,6.0,100.63
2020,7,211.0,14.0,2.0,38.525,316270000.0,6.0,105.2
2021,5,173.0,3.0,1.0,67.79166666666667,440658000.0,6.0,134.81
2024,2,56.0,1.0,1.0,44.58833333333333,331522000.0,6.0,56.5
2022,3,2.0,1.0,1.0,71.255,424798000.0,6.0,124.9
2022,3,81.0,9.0,1.0,71.255,424798000.0,6.0,87.95
2024,8,1902.0,60.0,1.0,32.655,257371000.0,6.0,112.22
2023,11,183.0,15.0,1.0,22.915000000000003,229694000.0,6.0,120.52
2024,2,170.5,7.0,1.0,44.58833333333333,331522000.0,6.0,195.44
2022,4,21.0,9.0,1.0,69.625,417610000.0,6.0,130.81
2022,9,468.6666666666667,64.0,3.0,42.855,318643000.0,6.0,61.34
2024,9,170.5,7.0,1.0,25.81833333333333,233360000.0,6.0,105.39
2020,11,357.0,37.0,1.0,24.118333333333336,243861000.0,6.0,90.03
2021,12,226.0,26.0,1.0,44.43,313786000.0,6.0,105.83
2023,1,6658.333333333333,1945.0,3.0,36.13833333333333,284679000.0,6.0,94.69
2022,12,170.5,7.0,1.0,36.53833333333333,288391000.0,6.0,186.8
2021,1,251.5,40.0,2.0,42.87166666666667,270220000.0,6.0,127.24
2022,12,21.0,1.0,1.0,36.53833333333333,288391000.0,6.0,162.6
2021,12,170.5,7.0,1.0,44.43,313786000.0,6.0,111.76
2021,8,81.0,19.0,1.0,48.65833333333333,348099000.0,6.0,43.48
2022,8,51.0,3.0,2.0,46.225,334604000.0,6.0,136.32
2023,8,2237.0,259.0,1.0,35.550000000000004,289801000.0,6.0,93.06
2021,1,170.5,7.0,1.0,42.87166666666667,270220000.0,6.0,85.14
2020,8,170.5,7.0,1.0,32.69166666666667,294685000.0,6.0,168.1
2021,3,415.0,96.0,1.0,69.53833333333334,440241000.0,6.0,170.95
2020,2,262.0,2.0,1.0,44.46666666666667,320996000.0,6.0,213.4
2024,2,27.33333333333333,8.0,3.0,44.58833333333333,331522000.0,6.0,180.74
2023,12,170.5,7.0,1.0,26.203333333333333,247671000.0,6.0,69.27
2022,4,170.5,7.0,1.0,69.625,417610000.0,6.0,135.22
2022,12,170.5,7.0,1.0,36.53833333333333,288391000.0,6.0,101.79
2021,2,170.5,7.0,1.0,63.975,381253000.0,6.0,122.28
2022,11,170.5,7.0,1.0,35.45333333333333,290429000.0,6.0,232.8
2023,12,170.5,7.0,1.0,26.203333333333333,247671000.0,6.0,85.53
2023,5,244.0,5.0,1.0,46.355,326783000.0,6.0,122.7
2024,9,170.5,7.0,1.0,25.81833333333333,233360000.0,6.0,115.39
2021,8,20.0,1.0,1.0,48.65833333333333,348099000.0,6.0,143.49
2021,6,95.0,2.0,1.0,61.6,415893000.0,6.0,109.02
2021,10,170.5,7.0,1.0,40.41833333333333,310750000.0,6.0,158.0
2021,9,237.66666666666663,42.0,3.0,44.46666666666667,328160000.0,6.0,135.09
2023,10,170.5,7.0,1.0,24.72666666666667,244436000.0,6.0,118.42
2023,5,170.5,7.0,1.0,46.355,326783000.0,6.0,73.94
2021,10,119.33333333333331,10.0,3.0,40.41833333333333,310750000.0,6.0,151.89
2023,3,170.5,7.0,1.0,42.32666666666667,313051000.0,6.0,122.9
2021,4,170.5,7.0,1.0,71.15166666666666,454646000.0,6.0,180.32
2024,3,170.5,7.0,1.0,49.19499999999999,340131000.0,6.0,83.27
2021,2,911.5,186.0,2.0,63.975,381253000.0,6.0,144.75
2020,9,1610.0,38.0,1.0,28.296666666666667,275243000.0,6.0,107.35
2021,10,4.0,1.0,1.0,40.41833333333333,310750000.0,6.0,76.14
2024,2,14.0,1.0,1.0,44.58833333333333,331522000.0,6.0,48.96
2024,6,34989.0,495.0,1.0,44.92,314563000.0,6.0,124.16
2023,5,2128.0,470.0,3.0,46.355,326783000.0,6.0,171.97
2023,3,51.5,9.0,2.0,42.32666666666667,313051000.0,6.0,98.91
2024,6,24.5,3.0,2.0,44.92,314563000.0,6.0,77.07
2020,11,170.5,7.0,1.0,24.118333333333336,243861000.0,6.0,182.37
2023,6,133.5,6.0,2.0,44.945,320996000.0,6.0,88.48
2021,5,15.0,1.0,1.0,67.79166666666667,440658000.0,6.0,173.89
2020,4,170.5,7.0,1.0,47.95166666666666,372131000.0,6.0,63.38
2023,7,5729.5,491.0,2.0,41.435,306447000.0,6.0,121.73
2022,7,74.0,4.0,2.0,52.675,353454000.0,6.0,134.7
2024,1,26.0,3.0,1.0,35.190000000000005,280086000.0,6.0,148.55
2022,9,561.0,6.0,1.0,42.855,318643000.0,6.0,96.72
2023,12,18.0,1.0,1.0,26.203333333333333,247671000.0,6.0,103.35
2024,1,23638.5,5222.0,2.0,35.190000000000005,280086000.0,6.0,131.11
2024,1,170.5,7.0,1.0,35.190000000000005,280086000.0,6.0,135.47
2023,7,170.5,7.0,1.0,41.435,306447000.0,6.0,157.59
2020,10,22393.0,4324.0,2.0,25.903333333333336,258732000.0,6.0,94.26
2022,3,975.0,87.0,1.0,71.255,424798000.0,6.0,103.55
2020,3,27484.0,5250.0,2.0,45.97083333333333,763761000.0,12.0,153.28
2021,5,170.5,7.0,1.0,67.79166666666667,440658000.0,6.0,125.84
2020,11,170.5,7.0,1.0,24.118333333333336,243861000.0,6.0,97.78
2020,1,170.5,7.0,1.0,43.28583333333333,750576000.0,12.0,141.78
2022,11,170.5,7.0,1.0,35.45333333333333,290429000.0,6.0,198.13
2021,12,226.0,26.0,1.0,44.43,313786000.0,6.0,77.31
2021,12,46.0,13.0,2.0,44.43,313786000.0,6.0,196.09
2022,10,67.0,9.0,2.0,40.355,303945000.0,6.0,120.01
2022,9,170.5,7.0,1.0,42.855,318643000.0,6.0,194.47
2022,9,170.5,7.0,1.0,42.855,318643000.0,6.0,102.07
2021,2,42.0,1.0,1.0,63.975,381253000.0,6.0,125.74
2022,6,111386.0,8042.0,1.0,59.61666666666667,373647000.0,6.0,120.44
2021,10,11614.5,2120.0,2.0,40.41833333333333,310750000.0,6.0,146.75
2022,4,1559.0,32.0,1.0,69.625,417610000.0,6.0,89.29
2024,5,1642.0,226.0,1.0,47.67666666666667,331440000.0,6.0,173.75
2020,5,18.0,1.0,1.0,46.24333333333334,353544000.0,6.0,168.43
2021,3,17.0,1.0,1.0,69.53833333333334,440241000.0,6.0,183.91
2021,4,18.0,1.0,1.0,71.15166666666666,454646000.0,6.0,104.61
2021,1,3382.0,4.0,1.0,42.87166666666667,270220000.0,6.0,171.69
2022,4,170.5,7.0,1.0,69.625,417610000.0,6.0,133.89
2023,2,19.0,6.0,1.0,39.745,304390000.0,6.0,154.66
2023,7,170.5,7.0,1.0,41.435,306447000.0,6.0,111.02
2020,10,187.0,22.0,1.0,25.903333333333336,258732000.0,6.0,232.13
2024,9,170.5,7.0,1.0,25.81833333333333,233360000.0,6.0,119.84
2023,11,1632.3333333333333,302.0,3.0,22.915000000000003,229694000.0,6.0,72.43
2022,6,170.5,7.0,1.0,59.61666666666667,373647000.0,6.0,144.65
2022,7,170.5,7.0,1.0,52.675,353454000.0,6.0,104.63
2021,5,16507.0,2367.0,2.0,67.79166666666667,440658000.0,6.0,122.5
2020,9,57.0,1.0,1.0,28.296666666666667,275243000.0,6.0,115.85
2021,12,170.5,7.0,1.0,44.43,313786000.0,6.0,160.12
2022,3,170.5,7.0,1.0,71.255,424798000.0,6.0,99.71
2022,1,591.0,1.0,1.0,52.89333333333334,324869000.0,6.0,188.71
2024,6,170.5,7.0,1.0,44.92,314563000.0,6.0,119.08
2021,9,79.0,4.0,1.0,44.46666666666667,328160000.0,6.0,138.76
2023,10,243.0,72.0,2.0,24.72666666666667,244436000.0,6.0,155.46
2020,10,170.5,7.0,1.0,25.903333333333336,258732000.0,6.0,130.23
2024,4,10.0,2.0,1.0,49.43333333333334,341213000.0,6.0,166.49
2021,1,3382.0,4.0,1.0,42.87166666666667,270220000.0,6.0,109.98
2024,2,170.5,7.0,1.0,44.58833333333333,331522000.0,6.0,159.87
2020,1,170.5,7.0,1.0,43.28583333333333,750576000.0,12.0,69.26
2024,4,10.0,2.0,1.0,49.43333333333334,341213000.0,6.0,144.65
2021,8,170.5,7.0,1.0,48.65833333333333,348099000.0,6.0,191.01
2022,1,591.0,1.0,1.0,52.89333333333334,324869000.0,6.0,128.95
2023,5,170.5,7.0,1.0,46.355,326783000.0,6.0,63.87
2021,1,3382.0,4.0,1.0,42.87166666666667,270220000.0,6.0,111.53
2023,8,436.0,30.0,2.0,35.550000000000004,289801000.0,6.0,203.23
2024,6,170.5,7.0,1.0,44.92,314563000.0,6.0,171.71
2021,12,10.333333333333334,4.0,3.0,44.43,313786000.0,6.0,170.1
2022,2,170.5,7.0,1.0,66.33666666666666,380070000.0,6.0,157.03
2024,6,42.0,1.0,1.0,44.92,314563000.0,6.0,67.98
2020,9,1610.0,38.0,1.0,28.296666666666667,275243000.0,6.0,134.2
2024,4,170.5,7.0,1.0,49.43333333333334,341213000.0,6.0,108.75
2023,12,1160.0,178.0,1.0,26.203333333333333,247671000.0,6.0,116.62
2020,6,170.5,7.0,1.0,43.65833333333334,337939000.0,6.0,134.26
2021,11,145.0,13.0,1.0,36.111666666666665,299884000.0,6.0,205.07
2021,12,170.5,7.0,1.0,44.43,313786000.0,6.0,148.68
2023,1,170.5,7.0,1.0,36.13833333333333,284679000.0,6.0,111.8
2022,2,170.5,7.0,1.0,66.33666666666666,380070000.0,6.0,69.46
2022,1,170.5,7.0,1.0,52.89333333333334,324869000.0,6.0,137.89
2021,3,17.0,1.0,1.0,69.53833333333334,440241000.0,6.0,112.89
2021,2,170.5,7.0,1.0,63.975,381253000.0,6.0,187.73
2020,10,10.0,1.0,1.0,25.903333333333336,258732000.0,6.0,162.99
2024,3,47.0,4.0,2.0,49.19499999999999,340131000.0,6.0,138.72
2020,2,196.0,21.0,1.0,44.46666666666667,320996000.0,6.0,130.79
2023,2,170.5,7.0,1.0,39.745,304390000.0,6.0,170.19
2021,5,173.0,3.0,1.0,67.79166666666667,440658000.0,6.0,175.17
2020,7,39.0,3.0,1.0,38.525,316270000.0,6.0,156.05
2020,1,170.5,7.0,1.0,43.28583333333333,750576000.0,12.0,103.46
2022,7,170.5,7.0,1.0,52.675,353454000.0,6.0,183.4
2020,10,170.5,7.0,1.0,25.903333333333336,258732000.0,6.0,139.51
2022,11,119.5,23.0,2.0,35.45333333333333,290429000.0,6.0,171.04
2024,4,80.5,34.0,2.0,49.43333333333334,341213000.0,6.0,129.88
2021,11,280.0,67.0,2.0,36.111666666666665,299884000.0,6.0,163.71
2022,1,2.0,1.0,1.0,52.89333333333334,324869000.0,6.0,169.66
2023,9,170.5,7.0,1.0,29.215,272137000.0,6.0,72.9
2024,6,24.5,3.0,2.0,44.92,314563000.0,6.0,133.99
2023,8,263.0,46.0,2.0,35.550000000000004,289801000.0,6.0,91.35
2024,3,552.0,81.0,1.0,49.19499999999999,340131000.0,6.0,82.22
2021,6,29.0,2.0,2.0,61.6,415893000.0,6.0,151.08
2023,8,3491.0,338.0,1.0,35.550000000000004,289801000.0,6.0,65.13
2024,7,170.5,7.0,1.0,39.32833333333333,289223000.0,6.0,181.07
2023,12,170.5,7.0,1.0,26.203333333333333,247671000.0,6.0,143.85
2021,11,170.5,7.0,1.0,36.111666666666665,299884000.0,6.0,142.02
2024,1,170.5,7.0,1.0,35.190000000000005,280086000.0,6.0,89.56
2022,5,926.0,38.0,1.0,65.71,400103000.0,6.0,163.31
2021,3,17.0,1.0,1.0,69.53833333333334,440241000.0,6.0,79.64
2021,8,33.0,1.0,1.0,48.65833333333333,348099000.0,6.0,128.67
2024,6,170.5,7.0,1.0,44.92,314563000.0,6.0,5.69
2022,5,170.5,7.0,1.0,65.71,400103000.0,6.0,162.5
2021,5,170.5,7.0,1.0,67.79166666666667,440658000.0,6.0,165.66
2023,8,170.5,7.0,1.0,35.550000000000004,289801000.0,6.0,170.72
2024,7,170.5,7.0,1.0,39.32833333333333,289223000.0,6.0,116.61
2024,3,170.5,7.0,1.0,49.19499999999999,340131000.0,6.0,102.59
2020,10,170.5,7.0,1.0,25.903333333333336,258732000.0,6.0,36.88
2023,12,238.0,20.0,1.0,26.203333333333333,247671000.0,6.0,61.39
2023,1,170.5,7.0,1.0,36.13833333333333,284679000.0,6.0,129.65
